id	domain	romaji	english	count	typical	judged_commonness	status	cut_verdict	cut_reason	trap
hanashi-o-suru	people	hanashi o suru	talk, have a chat	3600	0.35	5	KEPT c-hanashi-o-suru			Mostly guessable, but 'talk about X' is usually X no hanashi (o suru), shorter than X ni tsuite hanasu.
hanashi-o-kiku	people	hanashi o kiku	listen to someone	2149	0.21	5	KEPT c-hanashi-o-kiku			
ki-ni-iru	senses	ki ni iru	like, be pleased with	2128	0.14	5	KEPT c-ki-ni-iru			Learners say suki for 'I love it!' about something new; natives say ki ni itta, and iru here conjugates godan (itta), not like iru 'be' (ita).
jikan-ga-nai	time-money	jikan ga nai	have no time	1664	0.23	5	KEPT c-jikan-ga-nai			'Have time' takes aru/nai, not motsu.
uchi-ni-kaeru	home	uchi ni kaeru	go home	1615	0.24	5	KEPT c-uchi-ni-kaeru			'Go home' is kaeru, not iku.
junbi-ga-dekiru	time-money	junbi ga dekiru	be ready (preparations done)	1430	0.36	5	KEPT c-junbi-ga-dekiru			Not junbi desu or redi: 'Are you ready?' is junbi dekita?, where ready means the preparation has come into being.
jama-o-suru	people	jama o suru	get in the way, disturb	1342	0.89	4	cut	not-a-collocation	Plain suru verb (jama suru, 1342 hits); ojama shimasu is a set greeting you learn on its own.	English 'disturb/bother' has no matching verb: it is jama (o) suru, and entering someone's home is the set phrase ojama shimasu.
yaku-ni-tatsu	describing	yaku ni tatsu	be useful, be helpful	1188	0.69	5	KEPT c-yaku-ni-tatsu			Not benri for people and advice: 'useful' or 'helpful' is yaku ni tatsu. Benri means convenient.
uso-o-tsuku	people	uso o tsuku	tell a lie	1184	0.39	5	KEPT c-uso-o-tsuku			Not uso o hanasu or uso o suru: lies take tsuku (uso tsuite nai yo).
hanashi-ga-aru	people	hanashi ga aru	need to talk (to you)	1099	0.11	4	KEPT c-hanashi-ga-aru			Not hanasu hitsuyou ga aru: 'I need to talk to you' is chotto hanashi ga aru n da kedo.
shitsumon-o-suru	people	shitsumon o suru	ask a question	991	0.42	4	cut	covered	Basically the suru verb shitsumon suru; the kept shitsumon ga aru already covers asking questions.	Not shitsumon o kiku: 'ask a question' is shitsumon (o) suru, and kiku alone means 'ask' without the noun.
jikan-ga-kakaru	time-money	jikan ga kakaru	take time	971	0.13	5	KEPT c-jikan-ga-kakaru			Not jikan o toru: the time a task takes is kakaru (jikan o toru means setting time aside).
doa-o-akeru	home	doa o akeru	open the door	931	0.39	5	KEPT c-doa-o-akeru			
soto-ni-deru	home	soto ni deru	go outside	895	0.34	4	cut	maybe	Very common (895 film hits, typical 0.34): the everyday way to say go outside; it only just missed.	
kega-o-suru	body	kega o suru	get hurt, get injured	885	0.80	4	KEPT c-kega-o-suru			Not itaku naru or kizutsuku: an injury is 'done', kega o suru, even by accident (kega shita?).
jikan-ga-aru	time-money	jikan ga aru	have time, be free	725	0.10	4	cut	covered	Very common (725), but it is just jikan ga nai with aru, so you get it for free.	'Have time' uses aru, not motsu.
yume-o-miru	home	yume o miru	have a dream	680	0.36	4	KEPT c-yume-o-miru			Not yume o motsu (that's a life ambition): dreaming in your sleep is yume o miru, 'seeing' a dream.
sewa-o-suru	people	sewa o suru	look after (pets, kids, plants)	592	0.69	3	cut	not-a-collocation	Plain suru verb (sewa suru); the kept osewa ni naru is the set phrase people actually reach for.	Not ki o tsukeru: caring for a pet, child or plant is sewa o suru (inu no sewa).
kyoumi-ga-nai	senses	kyoumi ga nai	not be interested	574	0.28	4	cut	covered	Just the negative of kyoumi ga aru; once you have that, kyoumi nai comes for free.	'Interested' is an adjective in English; Japanese says kyoumi ga aru/nai.
mendou-o-miru	people	mendou o miru	look after, take care of	571	0.79	3	cut	maybe	Strong, very typical set (571 hits) for looking after kids, pets or juniors, and no kept set covers it.	English 'take care of' gives no clue: you 'see to the bother' with mendou o miru. Keep it apart from mendokusai (what a hassle).
un-ga-ii	describing	un ga ii	be lucky	569	0.62	5	KEPT c-un-ga-ii			'Lucky' is an adjective in English, but Japanese says un ga ii (your luck is good), or rakkii. Unlucky is un ga warui.
imi-ga-wakaru	senses	imi ga wakaru	make sense; get what something means	567	0.20	5	KEPT c-imi-ga-wakaru			There's no 'make sense' verb: 'that makes no sense' is imi ga wakaranai (imi wakannai), 'the meaning can't be grasped'.
kao-o-miru	people	kao o miru	see someone's face	561	0.19	3	cut	not-a-collocation	Free combination: miru goes with anything you see; kao mitai is just 'want to see you'.	
onaka-ga-suku	body	onaka ga suku	get hungry	520	0.70	5	KEPT c-onaka-ga-suku			No 'hungry' adjective: the stomach empties, onaka suita, past tense for the feeling now.
shashin-o-toru	media	shashin o toru	take a photo	515	0.31	5	KEPT c-shashin-o-toru			
me-o-samasu	body	me o samasu	wake up	515	0.08	3	cut	covered	Same 'wake up' as me ga sameru, which is on the list and is the form people say more.	Getting out of bed is okiru; me o samasu is coming awake.
kenka-o-suru	people	kenka o suru	fight, argue	507	0.65	4	cut	not-a-collocation	Plain suru verb (kenka suru); learn it as one verb, kare to kenka shita.	Not tatakau, which means battle: a fight or argument between people is kenka suru (kare to kenka shita, with to).
te-o-ageru	body	te o ageru	raise your hand	489	0.05	3	cut	less-common	Real and easy to guess, but you mostly hear it in classrooms and Q&A sessions, much less than the kept sets.	
kyoumi-ga-aru	senses	kyoumi ga aru	be interested (in)	479	0.23	4	KEPT c-kyoumi-ga-aru			'Interested' is not an adjective: X ni kyoumi ga aru. Learners say omoshiroi desu, which means 'it's interesting/funny'.
ki-ga-tsuku	senses	ki ga tsuku	notice, realise	476	0.03	5	KEPT c-ki-ga-tsuku			English 'notice' has no 'mind' word, so learners say miru or wakaru; and it is ki GA TSUKU, not ki o tsukeru (be careful).
kibun-ga-ii	senses	kibun ga ii	feel good, be in a good mood	472	0.43	4	KEPT c-kibun-ga-ii			'Feel good' is not kanjiru; mood is kibun ga ii, physical comfort kimochi ii.
dainashi-ni-suru	describing	dainashi ni suru	ruin, spoil	466	0.85	3	cut	film	Its big count (466) comes mostly from film drama lines like 'you ruined everything'. It's real, but much rarer in everyday talk (judged 3).	No single verb for 'ruin'; say dainashi ni suru/naru.
shigoto-ni-modoru	work-school	shigoto ni modoru	get back to work	463	0.07	3	cut	less-common	Real (sorosoro shigoto ni modoru), but film bosses shouting 'Get back to work!' push the 463 count up. In daily life people say it less than shigoto ga owaru.	
kuruma-ni-noru	travel	kuruma ni noru	get in a car, ride in a car	458	0.11	5	KEPT c-kuruma-ni-noru			Takes ni, not o; 'get in' is noru, not hairu.
kanji-ga-ii	describing	kanji ga ii	be pleasant, nice (a person or place)	441	0.44	4	KEPT c-kanji-ga-ii			For a pleasant manner or vibe, not yasashii: kanji ga ii, as in kanji no ii hito / kanji warui.
kodomo-ga-iru	people	kodomo ga iru	have children	438	0.15	5	KEPT c-kodomo-ga-iru			Not kodomo o motte iru or kodomo ga aru: people you 'have' take ga iru (kodomo iru? kyoudai iru? kareshi iru?).
kimochi-ga-wakaru	senses	kimochi ga wakaru	know how someone feels	437	0.23	4	KEPT c-kimochi-ga-wakaru			'I know how you feel' is sono kimochi wakaru, not shitteru: shiru is for knowing facts.
iya-na-kao-o-suru	people	iya na kao o suru	make a face, look annoyed	435	0.14	3	cut	maybe	Common (435 hits): the X na kao o suru frame behind sonna kao shinaide and hen na kao shiteru.	Not kao o tsukuru: wearing an expression is kao o suru, as in hen na kao shiteru or sonna kao shinaide.
nioi-ga-suru	senses	nioi ga suru	smell (something), there's a smell	409	0.38	5	KEPT c-nioi-ga-suru			Not nioi o kagu or nioi da: 'it smells good' is ii nioi ga suru, with suru.
fuku-o-kiru	clothes	fuku o kiru	put on / wear clothes	397	0.32	5	KEPT c-fuku-o-kiru			kiru only covers tops and whole-body clothes (shirt, coat, dress, kimono). English 'wear' also covers shoes, trousers, hats and glasses, which each take a different verb.
toshi-o-toru	body	toshi o toru	get older, age	396	0.15	4	KEPT c-toshi-o-toru			Not furuku naru (that's for things): people 'take years', toshi o toru (toshi totta naa).
denwa-ni-deru	media	denwa ni deru	answer the phone	386	0.05	4	KEPT c-denwa-ni-deru			Not kotaeru: picking up the phone is denwa ni deru ('come out to the phone'); kotaeru answers a question.
keisatsu-o-yobu	people	keisatsu o yobu	call the police	379	0.23	2	cut	film	Over-counted by crime films (379 hits); rare in everyday Japanese life.	'Call' meaning summon is yobu; denwa suru is only phoning.
koe-o-kiku	people	koe o kiku	hear someone's voice	379	0.23	3	cut	less-common	Mostly 'I wanted to hear your voice' on the phone or in romance scenes; judged only 3.	A voice you just happen to hear is koe ga kikoeru.
renraku-o-toru	people	renraku o toru	get in touch, stay in contact	373	0.10	4	KEPT c-renraku-o-toru			Not renraku o morau or tamotsu: making or keeping contact is toru (mada renraku totteru? / renraku ga torenai).
shitsumon-ga-aru	work-school	shitsumon ga aru	have a question	371	0.16	4	KEPT c-shitsumon-ga-aru			'Have a question' is aru, not motsu.
shitsumon-ni-kotaeru	work-school	shitsumon ni kotaeru	answer a question	367	0.16	3	cut	maybe	Very common (367) and the particle catches people out: you answer ni a question, not o. It's the natural partner to the kept shitsumon ga aru.	Takes ni, not o.
me-o-tojiru	body	me o tojiru	close your eyes	353	0.06	3	cut	maybe	'Close your eyes' is said all the time (photos, kids, relaxing), and eyes take tojiru, not shimeru. It only just missed.	Eyes take tojiru (or tsuburu), not shimeru.
ie-o-deru	home	ie o deru	leave the house	338	0.05	4	cut	covered	Same meaning as uchi o deru, and uchi is the more everyday word for home.	The place you leave takes o: ie o deru.
uchi-o-deru	home	uchi o deru	leave the house	338	0.05	5	KEPT c-uchi-o-deru			Not uchi o hanareru or nokosu: leaving home for the day is deru, and the place you leave takes o.
hima-ga-nai	time-money	hima ga nai	have no free time	327	0.78	4	cut	maybe	Means the same as jikan ga nai but sounds more casual, and people say it a lot (327, and 78% of hima uses go here).	
moto-ni-modosu	home	moto ni modosu	put back where it was	320	0.32	3	cut	maybe	Frequent (320 hits) and fixed: moto ni modoshite is the usual way to say put it back where it was.	'Put back' is moto ni modosu, not oku.
me-ga-sameru	home	me ga sameru	wake up (open your eyes)	317	0.05	4	KEPT c-me-ga-sameru			Not only okiru: waking from sleep is me ga sameru ('eyes wake'); okiru is getting up.
tasuke-ni-naru	people	tasuke ni naru	be a help	315	0.18	3	cut	covered	Says the same as the kept yaku ni tatsu (be helpful); people also just say tasukaru.	'Be helpful' is tasuke ni naru, not tetsudau.
yousu-o-miru	time-money	yousu o miru	wait and see, keep an eye on it	314	0.59	4	cut	maybe	The everyday way to say 'let's wait and see' (314). It's frequent and English won't lead you to it.	Not matsu: 'let's wait and see' is yousu o miru ('watch how things look').
hon-o-yomu	hobbies	hon o yomu	read a book	313	0.27	5	KEPT c-hon-o-yomu			
hitori-ni-suru	people	hitori ni suru	leave someone alone	312	0.11	3	cut	film	'Leave me alone' (hitori ni shite) is mostly a drama line.	'Leave me alone' is hitori ni shite, not oite iku.
iki-o-suru	body	iki o suru	breathe	310	0.31	3	cut	less-common	Real 'breathe', but day to day people rarely need to say it apart from 'iki shite!' in a scare.	No single everyday verb for 'breathe'; say iki o suru.
kimochi-ga-ii	senses	kimochi ga ii	feels good, pleasant	308	0.16	5	KEPT c-kimochi-ga-ii			Not tanoshii or ii kanji for a bath, breeze or massage: physical pleasantness is kimochi ii.
atama-ga-ii	describing	atama ga ii	be smart, clever	294	0.09	5	KEPT c-atama-ga-ii			Not sumaato (that means slim and stylish): 'smart' is atama ga ii. Kashikoi exists but is less everyday.
te-o-hanasu	body	te o hanasu	let go (of someone's hand)	283	0.03	3	cut	film	'Let go of my hand!' is a stock film-scene line (283 hits). Normal life rarely calls for it.	
ki-ga-kawaru	time-money	ki ga kawaru	change one's mind	282	0.02	3	cut	idiom	A figurative ki phrase ('change one's mind'), so it belongs on the idiom list.	Not kokoro o kaeru: changing your mind is ki ga kawaru, with ki as the subject (ki ga kawattara itte).
owari-ni-suru	work-school	owari ni suru	wrap up, call it a day	279	0.37	3	cut	less-common	Real (kyou wa kore de owari ni shiyou), but it's the general 'X ni suru' pattern, mostly used to wrap up a session or meeting.	Ending a session is owari ni suru; owaru alone is intransitive.
doa-o-shimeru	home	doa o shimeru	close the door	276	0.12	5	KEPT c-doa-o-shimeru			
sainou-ga-aru	describing	sainou ga aru	be talented	275	0.49	3	cut	less-common	A real way to say 'be talented', but people say it less day to day than the kept describing sets. Film pep talks push up its count (275).	'Talented' is an adjective; Japanese says sainou ga aru.
gakkou-ni-iku	work-school	gakkou ni iku	go to school	269	0.25	5	KEPT c-gakkou-ni-iku			
denwa-o-kakeru	media	denwa o kakeru	make a phone call	265	0.04	4	KEPT c-denwa-o-kakeru			Not yobu or iu: phoning someone is denwa o kakeru (or simply denwa suru); yobu is summon, iu is call something a name.
kibun-ga-warui	body	kibun ga warui	feel sick, feel queasy	263	0.24	4	KEPT c-kibun-ga-warui			Means physically sick or queasy, not 'grumpy' (that is kigen ga warui); kimochi warui is the casual twin.
byouin-ni-iku	body	byouin ni iku	see a doctor	262	0.25	5	KEPT c-byouin-ni-iku			'See a doctor' is byouin ni iku (go to the clinic), not isha ni au; byouin covers any clinic.
doa-ga-aku	home	doa ga aku	the door opens	260	0.11	4	KEPT c-doa-ga-aku			Not doa ga akeru: when it opens by itself or is open, use aku (doa aiteru yo); akeru needs someone to do it.
yoko-ni-naru	body	yoko ni naru	lie down	259	0.54	4	KEPT c-yoko-ni-naru			English 'lie down' has no Japanese verb a learner could guess: it's 'become sideways', yoko ni naru. It has nothing to do with the 'lie' of uso o tsuku.
geemu-o-suru	hobbies	geemu o suru	play video games	256	0.29	5	KEPT c-geemu-o-suru			Not geemu o asobu: asobu takes no game object, so a game is done with suru or yaru (geemu yatteta).
hi-o-tsukeru	food	hi o tsukeru	light the stove or a fire; light a cigarette	256	0.26	3	cut	less-common	High count (256), but most of it is films lighting fires and cigarettes. At home it is mostly about lighting a gas stove.	English 'light' has no obvious verb; it is tsukeru, the same verb as for lights, and hi o tsukete sounds like ki o tsukete (be careful).
kimochi-ga-warui	senses	kimochi ga warui	gross, creepy; feel queasy	254	0.14	5	KEPT c-kimochi-ga-warui			'Gross/creepy' and 'I feel queasy' are both kimochi warui; learners reach for kirai or byouki.
monku-o-iu	people	monku o iu	complain	249	0.58	4	KEPT c-monku-o-iu			There is no verb for 'complain': you 'say complaints', as in monku iwanaide (guchi o iu = grumble, vent).
yakusoku-o-mamoru	time-money	yakusoku o mamoru	keep a promise	247	0.06	3	cut	maybe	A strong pairing that's often said (247), though films inflate it. Keeping a promise uses mamoru, 'protect'.	Not yakusoku o motsu or tamotsu: keeping a promise is mamoru, 'protect' (jikan o mamoru = be on time).
koi-ni-ochiru	people	koi ni ochiru	fall in love	247	0.33	2	cut	film	Romance-plot set over-counted by films; judged 2 for daily life.	
omoi-o-suru	senses	omoi o suru	go through (a feeling)	246	0.37	3	cut	less-common	Real (kowai omoi o shita, 'I had a scary time') but it needs an adjective in front and comes up less often than the kept feeling sets.	'I had a scary experience' is kowai omoi o shita, not kowai keiken o motta: the feeling is the object of suru.
nodo-ga-kawaku	body	nodo ga kawaku	get thirsty	243	0.38	4	KEPT c-nodo-ga-kawaku			No 'thirsty' adjective: the throat dries, nodo kawaita, past tense for the feeling now.
koe-ga-kikoeru	senses	koe ga kikoeru	hear a voice	242	0.15	4	cut	maybe	Very common and strongly paired (242 hits): 'I can hear a voice' and 'can you hear me?' use kikoeru with the voice as subject, not kiku.	English makes the hearer the subject; Japanese makes the voice the subject with ga kikoeru, not o kiku.
kuruma-o-tomeru	travel	kuruma o tomeru	park the car	240	0.06	4	KEPT c-kuruma-o-tomeru			Not kuruma o paaku suru: parking is just 'stopping' the car, tomeru (chuusha suru is the word on signs). Not yameru, which means quitting.
you-ga-aru	people	you ga aru	have something to do	239	0.54	4	cut	covered	Same meaning as the kept youji ga aru (have something to do).	
shashin-o-miru	media	shashin o miru	look at photos	234	0.14	4	cut	maybe	Very common (234 in the films, judged 4): "shashin mite" comes up whenever people share photos. It only just missed the cut.	
mondai-o-kakaeru	people	mondai o kakaeru	have problems	234	0.06	2	cut	film	Drama-plot phrasing; in daily talk people say mondai ga aru.	English 'have problems' leads to motsu; Japanese says kakaeru or mondai ga aru.
yoyuu-ga-nai	time-money	yoyuu ga nai	have no time, money or room to spare	233	0.64	4	KEPT c-yoyuu-ga-nai			There's no verb for 'afford': 'I can't afford it' and 'I'm swamped' are both yoyuu ga nai (no margin).
terebi-o-miru	media	terebi o miru	watch TV	233	0.47	5	KEPT c-terebi-o-miru			
atama-o-utsu	body	atama o utsu	hit one's head	231	0.07	3	cut	less-common	Bumping your head comes up now and then, and atama o butsukeru is the more everyday way to say it.	English 'hit' leads to tataku or naguru; bumping your own head is utsu.
keiken-ga-aru	work-school	keiken ga aru	have experience	231	0.19	3	cut	maybe	Common (231) and a real trap: experience takes ga aru, not motsu. It comes up in job talk and in 'have you ever...' chat.	English 'have' leads to motsu; experience takes ga aru.
tanoshimi-ni-suru	senses	tanoshimi ni suru	look forward to	230	0.57	4	KEPT c-tanoshimi-ni-suru			Japanese has no verb for 'look forward': you 'make it a pleasure', as in tanoshimi ni shiteru (ne).
otona-ni-naru	people	otona ni naru	grow up	228	0.71	4	KEPT c-otona-ni-naru			English 'grow up' leads to sodatsu; becoming an adult is otona ni naru.
guai-ga-warui	body	guai ga warui	feel unwell	227	0.60	4	KEPT c-guai-ga-warui			Not kanjiru: 'I feel sick' has no feel verb; the condition is bad, guai ga warui.
kagi-o-kakeru	home	kagi o kakeru	lock (the door)	221	0.17	4	KEPT c-kagi-o-kakeru			English 'lock' gives no verb: you kakeru the key, and 'it's locked' is kagi ga kakatteru (kagi o shimeru is also heard).
kanji-ga-suru	senses	kanji ga suru	feel like, seem	218	0.22	4	cut	not-a-collocation	A sentence frame (~ kanji ga suru, 'it feels like...') that works like ki ga suru from your versatility list, not a noun + verb set.	Not kanjiru for 'it feels like...': the everyday form is ~ kanji ga suru (or ~ tte kanji).
tegami-o-kaku	media	tegami o kaku	write a letter	218	0.31	3	cut	less-common	Common in films (218), but people rarely write letters in daily life now (judged 3).	
moto-ni-modoru	describing	moto ni modoru	go back to how it was	218	0.22	3	cut	less-common	Means 'go back to how it was'. Real, but said less than the kept sets, and the everyday form is usually moto ni modosu (put it back).	
tabako-o-suu	food	tabako o suu	smoke (a cigarette)	216	0.46	4	KEPT c-tabako-o-suu			English 'smoke' is one verb; Japanese 'inhales' tobacco (tabako o suu). kemuri (smoke) is no help.
shawaa-o-abiru	home	shawaa o abiru	take a shower	211	0.63	5	KEPT c-shawaa-o-abiru			Not shawaa o toru: you abiru (pour over yourself) a shower.
tomodachi-ni-naru	people	tomodachi ni naru	become friends (with someone)	206	0.12	4	cut	maybe	Very common (206 hits, judged 4): tomodachi ni naro, 'let's be friends'; complements tomodachi ga dekiru.	Not tomodachi o tsukuru: 'make friends with X' is X to tomodachi ni naru, while tomodachi ga dekiru means gaining friends in general.
denwa-o-kureru	media	denwa o kureru	give me a call	206	0.03	3	cut	covered	Same phone call as denwa o kakeru. Kureru only adds "to me", and casual speech mostly says denwa shite.	English 'call me' leads to yobu (summon); a phone call is denwa (o) kureru or denwa shite.
eiga-o-miru	hobbies	eiga o miru	watch a movie	206	0.31	5	KEPT c-eiga-o-miru			
kyoumi-o-motsu	senses	kyoumi o motsu	become interested in	205	0.10	3	cut	covered	Means the same as kyoumi ga aru, which is the everyday way to say you're interested.	English 'be interested' is an adjective; Japanese uses the noun kyoumi with motsu or ga aru, and ni for the topic.
eikyou-o-ataeru	describing	eikyou o ataeru	have an influence on	205	0.24	2	cut	less-common	Sounds formal, like the news. In conversation people say eikyou suru or eikyou ga aru instead (judged 2).	English 'affect' is one verb; Japanese uses the noun eikyou with ataeru (or ukeru for being affected).
mi-o-mamoru	body	mi o mamoru	protect oneself	204	0.16	2	cut	less-common	Formal, news-style 'protect oneself' (judged 2/5). Casual speech rarely uses it.	English 'oneself' leads to jibun o mamoru; the set uses mi.
naka-ga-ii	people	naka ga ii	get along well, be close	203	0.67	5	KEPT c-naka-ga-ii			There is no verb for this: 'we get along' is naka ga ii (the relationship is good). This naka is not naka 'inside'.
eigo-o-hanasu	work-school	eigo o hanasu	speak English	203	0.52	4	KEPT c-eigo-o-hanasu			
orei-o-iu	people	orei o iu	thank someone	199	0.66	4	KEPT c-orei-o-iu			There is no verb for 'thank': you 'say thanks' with orei o iu (orei also means a thank-you gift).
renraku-ga-toreru	people	renraku ga toreru	be able to reach someone	199	0.05	4	cut	covered	The can-form of the kept renraku o toru (renraku ga torenai = can't reach them).	Not just renraku dekinai: 'I can't reach him' is renraku ga torenai (or renraku ga tsukanai).
warugi-wa-nai	people	warugi wa nai	mean no harm	197	0.93	3	cut	less-common	Heard in apologies (warugi wa nakatta) but mostly in dramas; judged 3.	English 'I didn't mean it' leads to imi; Japanese says warugi wa nakatta.
shigoto-ga-dekiru	describing	shigoto ga dekiru	be good at one's job, be capable	195	0.03	4	KEPT c-shigoto-ga-dekiru			Not shigoto ga jouzu: being good at your job is dekiru, usually shigoto ga dekiru hito.
ame-ga-furu	weather	ame ga furu	it rains; rain falls	194	0.52	5	KEPT c-ame-ga-furu			Not ame ga ochiru, and English 'it rains' has no Japanese verb of its own: rain and snow fall with furu.
ame-ni-furareru	weather	ame ni furareru	get caught in the rain	194	0.52	3	KEPT c-ame-ni-furareru			English 'get caught in the rain' points to tsukamaru. Japanese uses the suffering passive of furu with ni: ame ni furareta.
shigoto-ga-owaru	work-school	shigoto ga owaru	get off work	194	0.03	5	KEPT c-shigoto-ga-owaru			Not shigoto o deru or a 'get off' verb: you say the work itself ends, shigoto ga owaru (shigoto owatta? nanji ni owaru?).
ki-o-tsukau	people	ki o tsukau	be considerate, go to trouble	192	0.01	4	KEPT c-ki-o-tsukau			Not ki o tsukeru (be careful): tsukau means fussing over others, as in ki o tsukawanaide (don't go to any trouble).
jikan-o-kakeru	time-money	jikan o kakeru	spend time on	191	0.03	3	cut	less-common	The transitive partner of jikan ga kakaru. It's real but less frequent (191, judged 3).	Not jikan o tsukau or sugosu: putting time into something is kakeru (jikan kakete tsukutta), the transitive of kakaru.
jikan-o-sugosu	time-money	jikan o sugosu	spend time (with someone, somewhere)	190	0.03	3	cut	less-common	Leans written or wordy ('spend a pleasant time'). Casual speech usually just names the activity (190).	Not tsukau, which treats time as a resource you use up. Spending time with people, or spending a weekend, is sugosu (shuumatsu dou sugoshita?).
fune-ni-noru	travel	fune ni noru	get on a boat	186	0.11	2	cut	less-common	Real, but boats rarely come up in daily life (judged 2); kuruma ni noru already teaches noru with ni.	Particle is ni, not o; noru covers every vehicle.
henji-o-suru	people	henji o suru	reply, answer (someone)	183	0.40	4	cut	not-a-collocation	Plain suru verb (henji suru); for messages the kept meeru o kaesu does the job.	English 'answer' leads to kotae, which is an answer to a question; replying to a person, message or call is henji (o) suru.
heya-o-deru	home	heya o deru	leave the room	183	0.07	4	cut	covered	Same place + o deru pattern as uchi o deru; just swap in the room.	English 'leave' leads to saru or hanareru; leaving a place is o deru.
oto-ga-suru	senses	oto ga suru	hear a sound, there's a noise	183	0.17	4	KEPT c-oto-ga-suru			Not oto o kiku: you don't 'hear a noise', the noise 'does' it: nanka oto ga shita.
meiwaku-o-kakeru	people	meiwaku o kakeru	cause someone trouble	181	0.71	5	KEPT c-meiwaku-o-kakeru			Not meiwaku o suru or tsukuru: you 'hang' trouble on people with kakeru (meiwaku kakete gomen).
hito-no-sei-ni-suru	people	hito no sei ni suru	blame (someone else), pin it on someone	180	0.35	4	cut	maybe	Common (180 hits, judged 4): X no sei ni suru, 'blame it on X', as in ore no sei ni suru na.	Not semeru, which means 'criticise, attack'. To pin the blame on someone is X no sei ni suru.
joudan-o-iu	people	joudan o iu	joke, kid around	178	0.33	4	KEPT c-joudan-o-iu			Not joudan o tsukuru or suru: a joke is 'said', and joudan da yo means just kidding.
byouki-ni-naru	body	byouki ni naru	get sick, fall ill	177	0.32	4	KEPT c-byouki-ni-naru			Not byouki o toru or byouki ga dekiru: illness is something you 'become' (ni naru).
kusuri-o-nomu	body	kusuri o nomu	take medicine	176	0.20	5	KEPT c-kusuri-o-nomu			Not kusuri o toru: medicine is 'drunk', kusuri o nomu, even pills.
se-ga-takai	describing	se ga takai	be tall	176	0.42	5	KEPT c-se-ga-takai			Not 'kare wa takai' or 'nagai': height is se ga takai, and takai alone sounds like 'expensive'.
himitsu-o-mamoru	people	himitsu o mamoru	keep a secret	172	0.19	3	cut	covered	The kept naisho ni suru covers keeping something secret in everyday talk.	Not himitsu o motsu or tamotsu. You keep a secret with mamoru (protect), the same verb as yakusoku o mamoru.
botan-o-osu	home	botan o osu	press the button	171	0.59	4	KEPT c-botan-o-osu			
suutsu-o-kiru	clothes	suutsu o kiru	wear a suit	170	0.33	3	cut	covered	Same verb as fuku o kiru. Swap in suutsu once you know the pattern.	English 'wear' is one verb; Japanese splits it: kiru for suits and tops, haku for trousers and shoes.
uwasa-o-kiku	people	uwasa o kiku	hear a rumour	169	0.28	3	cut	less-common	Real but less frequent (169 hits, judged 3); hearing rumours is a narrower topic.	
ii-nioi	senses	ii nioi	a nice smell	168	0.16	5	cut		Cut by two reviewers (nuance, form): it repeats the existing nioi ga suru, which already teaches ii nioi suru!, says ii nioi! alone is fine, names the source with no, and has the same kusai note. Suggested follow-up, not applied: add oishisou na nioi to nioi ga suru's notes (ii kaori is already a partner there).	English 'it smells good' sends learners looking for a verb; Japanese says ii nioi (ga suru).
sekinin-o-toru	work-school	sekinin o toru	take responsibility	168	0.15	3	cut	less-common	Mostly heard in apologies, news and drama confrontations. People say it far less in everyday life than the 168 count suggests.	
denwa-o-kiru	media	denwa o kiru	hang up the phone	164	0.02	4	KEPT c-denwa-o-kiru			Not kakeru (hang): denwa o kakeru makes the call; ending it is kiru ('cut').
toire-ni-iku	home	toire ni iku	go to the toilet	163	0.37	5	KEPT c-toire-ni-iku			
koohii-o-nomu	food	koohii o nomu	drink coffee	161	0.26	5	KEPT c-koohii-o-nomu			
meeru-o-okuru	media	meeru o okuru	send an email or message	159	0.19	4	KEPT c-meeru-o-okuru			
ana-o-akeru	clothes	ana o akeru	make a hole; get (one's ears) pierced	159	0.13	3	cut	narrow	Mostly about piercing your ears or drilling holes, so it rarely comes up in daily talk.	Not ana o tsukuru. Making a hole is akeru, and getting your ears pierced is piasu (no ana) o akeru.
sora-o-tobu	travel	sora o tobu	fly in the sky	159	0.21	3	cut	less-common	Said about birds, planes and wishing you could fly, not everyday trips; most of the 159 film hits are fantasy and action.	English 'in the sky' leads to de; moving through the sky takes o.
michi-ni-mayou	travel	michi ni mayou	get lost	156	0.06	4	KEPT c-michi-ni-mayou			Not michi o nakusu or michi o ushinau: getting lost is michi ni mayou ('stray on the road'), or casually just mayotta.
onegai-ga-aru	people	onegai ga aru	have a favour to ask	156	0.59	4	KEPT c-onegai-ga-aru			Not onegai o kiku, which means agreeing to a favour: asking one opens with onegai ga aru n da kedo.
shiji-ni-shitagau	work-school	shiji ni shitagau	follow instructions	156	0.19	3	cut	film	'Follow orders' is a military or crime-plot line. Real workplaces rarely say it out loud.	English 'follow' suggests tsuite iku; instructions take shitagau with ni.
teokure-ni-naru	time-money	teokure ni naru	be too late (to save)	156	0.94	2	cut	film	'Too late to save' is mostly something said in medical and rescue scenes.	English 'too late' leads to osoi; for something past saving it is teokure.
youji-ga-aru	time-money	youji ga aru	have something to do, have an errand	155	0.59	4	KEPT c-youji-ga-aru			Learners say suru koto ga aru or just isogashii. The standard vague excuse is chotto youji ga atte.
setsumei-ga-tsuku	senses	setsumei ga tsuku	can be explained	155	0.05	3	cut	less-common	Real ('it can't be explained', setsumei ga tsukanai) but heard far less in daily talk than the kept sets.	'I can't explain it' is setsumei ga tsukanai, not a form of setsumei suru.
tsugou-ga-ii	time-money	tsugou ga ii	be a good time (for someone)	153	0.47	4	KEPT c-tsugou-ga-ii			Not benri: a time that suits someone is tsugou ga ii (benri is for tools and places). The opposite is tsugou ga warui, 'can't make it'.
namae-o-oshieru	people	namae o oshieru	tell (someone) your name	153	0.05	4	cut	maybe	Said all the time when meeting people (namae oshiete, 153 hits, judged 4); uses oshieru, not iu.	'Tell me your name' uses oshieru, not iu.
choushi-ga-ii	body	choushi ga ii	be in good shape	153	0.34	4	cut	maybe	The everyday opposite of choushi ga warui on the list ('choushi ii ne', judged 4/5) for people, phones and form. It only just missed.	
kikai-ga-aru	time-money	kikai ga aru	have a chance	153	0.17	3	cut	less-common	Real ('if I get the chance') but said less than the kept sets (153, judged 3).	'Get a chance' is kikai ga aru, not kikai o morau.
iya-na-yokan-ga-suru	senses	iya na yokan ga suru	have a bad feeling	152	0.73	3	cut	film	The 'I have a bad feeling about this' movie line; its 152 hits come mostly from film plots.	'I have a bad feeling about this' is iya na yokan ga suru, not warui kimochi ga aru, which sounds like nausea.
zenryoku-o-tsukusu	work-school	zenryoku o tsukusu	do one's very best	152	0.52	2	cut	less-common	Speech-and-pledge language. In conversation people just say ganbaru.	'Do my best' is zenryoku o tsukusu or ganbaru, never suru.
nimotsu-o-matomeru	travel	nimotsu o matomeru	pack up your things	152	0.27	3	cut	film	Mostly the film scene where someone is told to pack their things and go; everyday packing talk uses it less.	'Pack your things' is matomeru (gather up), not tsumeru.
kuruma-kara-oriru	travel	kuruma kara oriru	get out of the car	151	0.04	4	cut	covered	The kept densha o oriru already teaches oriru for getting out of a vehicle. The car version uses the same verb.	'Get out of the car' is oriru (step down), not deru.
kuchi-o-tojiru	body	kuchi o tojiru	close your mouth	151	0.08	2	cut	less-common	'Close your mouth' is rare in real talk (judged 2/5). People just say damatte.	English 'close' suggests shimeru; mouths and eyes take tojiru.
machigai-o-okasu	work-school	machigai o okasu	make a mistake	150	0.08	2	cut	less-common	Formal. In everyday speech people say machigaeru or misu shita.	'Make a mistake' is not tsukuru; say machigai o okasu or just machigaeru.
jikan-ga-tatsu	time-money	jikan ga tatsu	time passes	148	0.02	4	KEPT c-jikan-ga-tatsu			Not jikan ga tooru: time passing is tatsu (jikan tatsu no hayai ne), a different tatsu from 'stand'.
koe-o-dasu	people	koe o dasu	speak up; say it out loud	148	0.09	3	cut	less-common	Real (148 hits) but said less than the kept sets; motto koe dashite is the main use.	English 'speak up' pushes toward hanasu. Japanese 'puts out the voice': motto koe dashite.
tasuke-o-yobu	people	tasuke o yobu	call for help	148	0.08	2	cut	film	Calling for help is an action-film situation (judged 2).	
iki-ga-dekiru	body	iki ga dekiru	be able to breathe	148	0.15	3	cut	less-common	Mostly heard as 'iki ga dekinai' (I can't breathe) in emergencies, which suits films more than daily life.	'I can't breathe' is iki ga dekinai; there is no single verb 'breathe'.
uta-o-utau	hobbies	uta o utau	sing a song	146	0.23	4	KEPT c-uta-o-utau			
souzou-ga-tsuku	senses	souzou ga tsuku	can imagine	146	0.10	3	cut	less-common	Mostly the set phrase souzou mo tsukanai ('can't even imagine'); real, but used less than the kept sets.	'I can't imagine' is usually souzou mo tsukanai, not souzou dekinai.
iken-o-kiku	work-school	iken o kiku	ask someone's opinion	145	0.25	3	cut	less-common	Real in meetings (minna no iken o kiku), but much rarer in daily talk than the kept hanashi o kiku.	'Ask for opinions' uses kiku, not tanomu.
me-o-akeru	body	me o akeru	open your eyes	145	0.02	3	cut	less-common	Real 'open your eyes', but said less than its pair me o tojiru, and only 145 hits.	
tanomi-ga-aru	people	tanomi ga aru	have a favor to ask	144	0.57	4	cut	covered	Same as the kept onegai ga aru (have a favour to ask), just a more casual noun.	'I have a favor to ask' is tanomi ga aru, not a form of kiku.
basu-ni-noru	travel	basu ni noru	take the bus	144	0.32	5	KEPT c-basu-ni-noru			'Take the bus' is noru with ni, not toru.
jishin-ga-aru	senses	jishin ga aru	be confident	143	0.32	4	cut	maybe	Common everyday set (143 hits, judged 4): 'confident' is a noun you have, jishin aru / jishin nai. Comes back as a pair with jishin ga nai.	'Confident' is an adjective in English, but Japanese has confidence: jishin aru / jishin nai. (Jishin is also 'earthquake', as in jishin ga okiru.)
mondai-o-okosu	people	mondai o okosu	cause trouble	143	0.03	3	cut	film	'Cause trouble' in the plot sense; over-counted by crime and drama.	'Make trouble' is okosu (raise), not tsukuru.
messeeji-o-okuru	media	messeeji o okuru	send a message	142	0.19	5	cut	covered	The kept meeru o okuru already means "send an email or message", with the same verb.	
e-o-kaku	hobbies	e o kaku	draw or paint a picture	141	0.32	4	KEPT c-e-o-kaku			Not e o hiku (that is sen o hiku, draw a line) or e o nuru (paint a wall): drawn or painted, a picture takes kaku.
junbi-ga-totonou	work-school	junbi ga totonou	preparations are complete	141	0.04	2	cut	covered	The stiff, written version of 'ready'. In speech people say junbi dekita.	
atama-o-sageru	people	atama o sageru	bow your head	141	0.04	3	cut	less-common	Bowing or humbly apologising (141 hits, judged 3); more narration than everyday talk.	Also means to apologize or ask humbly, not just a physical bow.
namae-o-tsukeru	people	namae o tsukeru	name (a baby, pet or file)	138	0.05	4	cut	narrow	Only for naming a baby, pet or file (138 hits).	Not namae o ageru: you 'attach' a name (namae o tsukeru).
tame-ni-naru	senses	tame ni naru	be worthwhile, do you good (advice, a book, an experience)	138	0.03	3	cut	maybe	Common (138 hits) for advice, books or experiences that 'do you good'. Overlaps with benkyou ni naru but is wider.	Not yaku ni tatsu for advice or experiences: a tool is yaku ni tatsu, but something that does you good is tame ni naru.
mondai-ga-okiru	work-school	mondai ga okiru	a problem comes up	138	0.03	4	cut	less-common	Real, but plots inflate the count. In casual talk people more often say nanka atta? or mondai aru.	
oto-ga-kikoeru	senses	oto ga kikoeru	hear a sound, can hear	138	0.13	4	cut	covered	Says the same as the kept oto ga suru ('there's a noise, I hear a sound').	'Can you hear me?' is kikoeru?, not kiku: kiku is deliberate listening, and the thing heard takes ga.
michi-o-akeru	travel	michi o akeru	make way, step aside	137	0.06	2	cut	film	'Make way!' is shouted in crowd and action scenes; in real life people say sumimasen or toorimasu.	'Make way' is akeru (clear), not tsukuru.
kouka-ga-aru	describing	kouka ga aru	be effective, work	137	0.35	3	cut	less-common	Means 'be effective'. Real, but in talk people usually just say kiku ('it works'), as in kusuri kiita.	'This medicine works' is kouka ga aru or kiku, not hataraku.
mizu-o-nomu	food	mizu o nomu	drink water	137	0.09	5	KEPT c-mizu-o-nomu			
daigaku-ni-iku	work-school	daigaku ni iku	go to university	136	0.31	4	cut	covered	Same set as gakkou ni iku with a different noun. Once you know one, you can say the other.	
jinsei-o-okuru	people	jinsei o okuru	lead a life	135	0.06	2	cut	less-common	Bookish (judged 2); in conversation people just say ikiru or ... na jinsei.	'Live a happy life' is jinsei o okuru (send), not ikiru with jinsei.
nyuusu-o-miru	media	nyuusu o miru	watch the news	131	0.13	4	cut	maybe	Everyday and frequent (131, judged 4): "nyuusu mita?" is a standard way to start a conversation. A near miss.	
keikaku-o-tateru	time-money	keikaku o tateru	make a plan	128	0.07	3	cut	less-common	A good set, but everyday talk about plans uses yotei more than keikaku (128).	Not keikaku o tsukuru: plans are tateru, 'stand up'. yotei o tateru works the same way.
kioku-ga-nai	senses	kioku ga nai	have no memory of	128	0.12	3	cut	less-common	Real, but in everyday talk 'I don't remember' is mostly oboetenai; kioku ga nai sounds more dramatic.	'I don't remember that' is often kioku ga nai, not only oboete inai.
mawari-o-miru	senses	mawari o miru	look around	124	0.25	3	cut	film	'Look around' in subtitles is mostly action-scene direction; as a literal pairing it is easy to build yourself.	'Look around' needs mawari (surroundings) as the object; there is no 'around' particle.
okane-ga-nai	time-money	okane ga nai	have no money	124	0.09	5	KEPT c-okane-ga-nai			'I have no money' is okane ga nai, not motte inai.
kuchi-o-akeru	body	kuchi o akeru	open your mouth	124	0.06	3	cut	narrow	You hear 'kuchi akete' mainly at the dentist or doctor.	
reigi-tadashii	describing	reigi tadashii	polite, well-mannered	123	0.54	3	cut	less-common	Means 'polite, well-mannered' and works almost as one word. People describe someone this way less often than the kept sets.	
yakusoku-ga-aru	time-money	yakusoku ga aru	have plans with someone	122	0.03	4	cut	covered	'I'm meeting someone' is close enough to yotei ga aru, which is kept.	yakusoku isn't only 'promise': it means any arrangement to meet, so kyou wa yakusoku ga aru = I'm meeting someone today.
sekinin-o-motsu	work-school	sekinin o motsu	take responsibility	120	0.11	3	cut	less-common	A formal variant of 'take responsibility', said less often than sekinin o toru, which also missed the list.	'Take responsibility' is sekinin o motsu or toru, not ukeru.
messeeji-o-nokosu	media	messeeji o nokosu	leave a message	119	0.16	3	cut	film	"Leave a message after the beep" is a film habit. Hardly anyone in Japan leaves voicemail now.	'Leave a message' is nokosu, not deru or saru.
byouin-ni-tsurete-iku	body	byouin ni tsurete iku	take someone to the hospital	119	0.11	4	cut	less-common	Taking someone to the hospital is a real thing to say, but it comes up far less than going yourself (byouin ni iku).	'Take someone' is tsurete iku; motte iku is only for things.
hon-o-kaku	hobbies	hon o kaku	write a book	119	0.10	2	cut	film	Its 119 film hits come from plots about writers. In daily life few people write books (rated 2).	
koe-o-kakeru	people	koe o kakeru	speak to, call out to	118	0.07	4	KEPT c-koe-o-kakeru			English 'go up and talk to' leads to hanasu; approaching someone is koe o kakeru (koe o dasu just means make a sound).
chi-ga-deru	body	chi ga deru	bleed	118	0.08	3	cut	less-common	Useful for cuts ('chi deteru yo'), but you say it much less than kega o suru, which is on the list.	'Bleed' is one verb in English; Japanese says blood comes out, chi ga deru (chi deteru yo).
jishin-ga-nai	senses	jishin ga nai	not be confident	118	0.26	4	cut	maybe	Probably the more common half of the jishin pair: 'I'm not sure I can' is jishin nai, not wakaranai. Ask for it together with jishin ga aru.	'I'm not sure I can' is jishin ga nai, not wakaranai.
keiken-ga-nai	work-school	keiken ga nai	have no experience	117	0.10	3	cut	less-common	Just the negative of keiken ga aru. If you ask for that one back, this one comes free.	'I have no experience' is keiken ga nai, not motte inai.
yotei-ga-aru	time-money	yotei ga aru	have plans	116	0.28	5	KEPT c-yotei-ga-aru			Not yotei o motsu: having plans is aru (yotei aru kara = I've got plans).
choushi-ga-warui	body	choushi ga warui	be off, not feel right; (a machine) act up	116	0.26	5	KEPT c-choushi-ga-warui			Not just genki ja nai: choushi ga warui covers being off form, a bad stomach, or a phone or PC that's acting up.
okuyami-o-moushiageru	people	okuyami o moushiageru	offer condolences	116	0.83	2	cut	narrow	Funeral condolence formula only.	'I'm sorry for your loss' is okuyami moushiagemasu, not sumimasen.
kekka-ga-deru	work-school	kekka ga deru	the results come out	115	0.11	4	KEPT c-kekka-ga-deru			Not kekka o morau: results 'come out' (kekka ga deru). Getting good results yourself is kekka o dasu.
biiru-o-nomu	food	biiru o nomu	drink beer	115	0.26	5	cut	covered	Same drink + nomu set as osake o nomu. Swap in any drink and the verb stays nomu.	
kega-wa-nai	body	kega wa nai	not hurt, no injuries	115	0.10	3	cut	covered	'Kega nai?' is just the question form of kega o suru, which is on the list.	"Are you hurt?" is kega wa nai?, not itai desu ka.
ohanashi-ga-aru	people	ohanashi ga aru	have something to tell you	115	0.26	3	cut	covered	Polite version of the kept hanashi ga aru.	
kuuki-o-suu	body	kuuki o suu	breathe (fresh) air	115	0.31	3	cut	less-common	'Get some fresh air' is real but occasional (judged 3/5).	"Get some fresh air" is soto no kuuki o suu; suu (inhale) does the work of 'breathe'.
bangou-o-oshieru	media	bangou o oshieru	give someone your number	112	0.10	4	cut	maybe	Common (112, judged 4) and easy to get wrong: "give me your number" is bangou oshiete. A strong near miss.	"Give me your number" is bangou oshiete (teach/tell), not ageru or kudasai.
jishin-o-motsu	describing	jishin o motsu	be confident	112	0.25	3	cut	less-common	When people talk about confidence they mostly say jishin aru / jishin nai. The motsu version sounds like a speech or film line.	No adjective for 'confident'; say jishin o motsu or jishin ga aru.
osewa-ni-naru	people	osewa ni naru	be looked after, be indebted	111	0.67	4	KEPT c-osewa-ni-naru			There is no English equivalent: thanks for someone's help is osewa ni narimashita (you 'became' the one cared for), not sewa o shite kurete arigatou.
genki-o-dasu	people	genki o dasu	cheer up	111	0.19	5	KEPT c-genki-o-dasu			There's no verb for 'cheer up': you say genki dashite ('put out your energy').
hitokoto-iu	people	hitokoto iu	say a word, say something	111	0.42	3	cut	less-common	Real (111 hits, judged 3) but said less than the kept sets; hitokoto itte yo.	
sekinin-o-ou	work-school	sekinin o ou	bear responsibility	111	0.10	2	cut	less-common	Formal and written. People rarely say it in conversation.	'Take responsibility' is sekinin o toru; ou means carry it on your back.
seki-o-hazusu	work-school	seki o hazusu	step away (from one's desk or the table)	110	0.16	3	cut	narrow	Mostly the office phone formula (tadaima seki o hazushite orimasu, 'they've stepped away').	Not seki o deru. Stepping away for a moment is hazusu ('remove'), as in the phone line tadaima seki o hazushite orimasu.
panikku-ni-naru	senses	panikku ni naru	panic	110	0.58	3	cut	film	Its 110 hits are inflated by thriller scenes; people say it in life, but much less.	'Panic' is a verb in English, so learners say panikku suru; natives say panikku ni naru.
kyuuka-o-toru	work-school	kyuuka o toru	take time off	107	0.40	3	cut	covered	'Take leave'. The kept yasumi o toru says the same thing in everyday words.	
mioboe-ga-aru	senses	mioboe ga aru	look familiar	106	0.85	3	cut	film	Mostly the detective line 'do you recognise this?'; uncommon in daily conversation.	No 'look' verb: 'looks familiar' is mioboe ga aru (have a memory of seeing).
isu-ni-suwaru	home	isu ni suwaru	sit on a chair	106	0.27	4	cut	less-common	Real (106 hits), but people mostly just say suwatte without naming the chair.	'Sit on' takes ni, not ue ni or de.
shokku-o-ukeru	senses	shokku o ukeru	be shocked, be hurt (by news, a remark)	104	0.53	3	cut	less-common	Real, but in casual speech people mostly say shokku datta or just shokku.	Not shokku suru: you receive a shock, so shokku uketa. Shokku datta is the other natural way.
nioi-o-kagu	senses	nioi o kagu	smell (sniff) something	103	0.10	2	cut	less-common	Judged only 2: actively sniffing (kaide mite) comes up much less than the kept nioi ga suru.	'Smell this!' is kaide mite: actively smelling is kagu, not nioi o suru or kiku.
paatii-o-suru	people	paatii o suru	have a party	103	0.10	3	cut	less-common	Fine but less common (103 hits, judged 3); suru here is generic.	'Have a party' is suru (or hiraku), not motsu.
kara-ni-suru	home	kara ni suru	empty (something) out	103	0.13	2	cut	less-common	Native rating only 2/5, and a weak association.	'Empty' has no verb form; say kara ni suru (make empty).
maigo-ni-naru	travel	maigo ni naru	get lost	102	0.83	4	KEPT c-maigo-ni-naru			'Get lost' is maigo ni naru (become a lost child), even for adults.
tayori-ni-suru	people	tayori ni suru	count on someone	102	0.51	3	cut	less-common	Real (102 hits, judged 3) but less frequent than the kept people sets.	'Rely on' is not shinrai suru (trust); it is tayori ni suru.
wain-o-nomu	food	wain o nomu	drink wine	100	0.28	4	cut	covered	Same drink + nomu set as osake o nomu, with nothing new to learn.	
kaze-o-hiku	body	kaze o hiku	catch a cold	99	0.66	5	KEPT c-kaze-o-hiku			Not kaze o toru or tsukamu: you 'pull' a cold, kaze o hiku (kaze hiichatta).
mado-o-akeru	home	mado o akeru	open the window	99	0.14	4	KEPT c-mado-o-akeru			The pairing itself is guessable; the risk is transitivity, mado o akeru (you do it) vs mado ga aiteru (it's open).
hossa-o-okosu	body	hossa o okosu	have a seizure or attack	99	0.46	2	cut	film	Heart attacks and seizures are medical-drama plot points. Rare in everyday talk.	'Have a heart attack' uses okosu (set off), not motsu.
eikyou-o-ukeru	people	eikyou o ukeru	be influenced by	99	0.11	3	cut	less-common	Formal, written-leaning (99 hits, judged 3).	English passive leads to eikyou sareru; natives say eikyou o ukeru (receive influence).
fuku-o-nugu	clothes	fuku o nugu	take off clothes	98	0.08	4	KEPT c-fuku-o-nugu			Not fuku o toru: every garment comes off with nugu, whichever verb put it on.
okane-o-harau	time-money	okane o harau	pay (money)	98	0.07	5	KEPT c-okane-o-harau			
osake-o-nomu	food	osake o nomu	drink alcohol	98	0.53	5	KEPT c-osake-o-nomu			
kokyou-ni-kaeru	travel	kokyou ni kaeru	go back to one's hometown	98	0.34	2	cut	less-common	kokyou sounds bookish; people usually say jikka ni kaeru or inaka ni kaeru.	
kakkou-o-suru	clothes	kakkou o suru	be dressed (a certain way)	97	0.09	3	cut	maybe	Commenting on how someone is dressed (sonna kakkou shite, kawaii kakkou shiteru) comes up all the time in casual talk (97 hits).	Not kakkou o kiru: 'dressed like that' is sonna kakkou shite. Kakkou means outfit or look.
kanshin-o-motsu	senses	kanshin o motsu	take an interest in	97	0.23	2	cut	covered	A more formal way to say you're interested; kyoumi ga aru is the everyday version.	'Take an interest' uses motsu (hold), not toru.
te-o-furu	people	te o furu	wave (one's hand)	96	0.01	3	cut	less-common	A physical action (96 hits, judged 3), described more than it is said.	English 'wave' is one verb; Japanese shakes the hand, te o furu.
monku-ga-aru	people	monku ga aru	have a complaint, got a problem	96	0.22	3	cut	covered	The kept monku o iu covers it; nanka monku aru? is the same noun.	'Complain' is monku o iu; nanka monku aru? is 'got a problem?'
tenki-ga-ii	weather	tenki ga ii	the weather is nice	95	0.57	5	KEPT c-tenki-ga-ii			Not kirei na tenki or yasashii tenki for 'a beautiful/nice day': good weather is just ii, and bad weather is warui.
dengen-o-kiru	media	dengen o kiru	turn off (a phone or device)	95	0.37	4	KEPT c-dengen-o-kiru			Not sumaho o kesu: devices are powered off with dengen o kiru ('cut the power'). Kesu is for lights and TVs.
doresu-o-kiru	clothes	doresu o kiru	wear a dress	95	0.26	2	cut	covered	Just fuku o kiru with a different garment. Nothing new to learn.	'Wear' splits by body part: kiru for dresses and tops, haku for skirts and trousers.
kokoroatari-ga-aru	senses	kokoroatari ga aru	have an idea (who or where)	95	0.59	2	cut	film	A detective-interview line ('any idea who did it?'); rare in ordinary conversation.	'Any idea where it went?' is kokoroatari aru?, not aidia.
kagi-ga-kakaru	home	kagi ga kakaru	be locked (the lock is on)	94	0.07	4	KEPT c-kagi-ga-kakaru			English 'it's locked' has no noun in it, so learners can't guess kagi ga kakatteru. It's the intransitive partner of kagi o kakeru.
nakanaori-o-suru	people	nakanaori o suru	make up (after a fight)	94	0.85	3	cut	not-a-collocation	Plain suru verb (nakanaori suru).	There is no phrasal verb for 'make up': it is nakanaori suru ('mending the relationship'), never tsukuru.
besuto-o-tsukusu	work-school	besuto o tsukusu	do one's best	94	0.46	3	cut	less-common	Pep-talk language. In conversation people say ganbaru.	'Do your best' is not besuto o suru; it is besuto o tsukusu (or ganbaru).
te-o-tsunagu	people	te o tsunagu	hold hands	93	0.01	3	cut	less-common	Real (93 hits, judged 3) but a narrower situation than the kept sets.	Not te o motsu: holding hands is 'linking' them with tsunagu, the same verb as netto ni tsunagu.
honki-de-iu	people	honki de iu	mean it, say it seriously	93	0.26	4	cut	maybe	honki de itteru? ('are you serious?') is common (93 hits, judged 4).	'Are you serious?' is honki de itteru?, not majime (earnest by nature).
kuruma-ni-noseru	travel	kuruma ni noseru	give someone a ride / lift	92	0.02	3	cut	maybe	The usual way to offer or ask for a lift (nosete kureru?), and the partner verb of the kept kuruma ni noru; 92 hits.	Not raido o ageru: giving a lift uses noseru ('put on board'), the transitive of noru. To ask for one: nosete kureru?
me-o-tsuburu	body	me o tsuburu	close one's eyes	92	0.01	3	cut	less-common	The casual twin of me o tojiru with the same meaning. Ask for it back together with that one if you want it.	Not me o shimeru: shimeru is for doors and windows. Eyes take tsuburu (casual) or tojiru (neutral).
oto-o-tateru	home	oto o tateru	make noise	92	0.09	3	cut	less-common	Real (92 hits), mostly heard as oto tatenaide (keep the noise down); said less than the kept home sets.	Not oto o tsukuru: 'make a noise' is oto o tateru ('raise' a sound).
kibou-o-motsu	senses	kibou o motsu	have hope	92	0.12	2	cut	film	'Have hope' is speech-and-drama language, judged 2 for daily life.	
haji-o-kaku	people	haji o kaku	embarrass yourself, lose face	91	0.27	4	cut	maybe	Strong, typical set (log_dice 12, judged 4) for embarrassing yourself; same kaku as ase o kaku.	Not hazukashii ni naru: making a fool of yourself is haji o kaku, with the same kaku as ase o kaku and ibiki o kaku.
yoyuu-ga-aru	time-money	yoyuu ga aru	have time or money to spare; be relaxed about it	90	0.25	4	cut	covered	The positive of yoyuu ga nai. Learn that one and you have this too.	English 'can afford' or 'have time to spare' has no single verb here; Japanese uses yoyuu ga aru / nai for time, money and calm.
oogoe-o-dasu	people	oogoe o dasu	shout, raise your voice	90	0.37	4	cut	less-common	Real (90 hits) but less frequent; oogoe dasanaide is the main use.	'Raise your voice' tempts ageru; Japanese puts out (dasu) a big voice.
un-ga-warui	describing	un ga warui	be unlucky	89	0.10	4	KEPT c-un-ga-warui			
seikatsu-o-okuru	home	seikatsu o okuru	lead a life	88	0.07	2	cut	less-common	Sounds formal (native rating 2/5); in speech people say ... seikatsu o shiteru or just kurasu.	'Lead/live a life' uses okuru (send), not michibiku.
kuruma-o-dasu	travel	kuruma o dasu	drive (someone), offer to take the car	87	0.02	3	cut	less-common	Real ('kuruma dasu yo' = I'll drive), but said less often than the kept car sets (judged 3).	Not unten suru when offering a lift: 'I'll drive' is kuruma dasu yo ('take the car out').
namae-o-kaku	work-school	namae o kaku	write your name	87	0.03	4	cut	less-common	Common on forms (koko ni namae kaite), but kaku is just the ordinary verb for writing, and it's mostly one situation.	
kodomo-ga-dekiru	people	kodomo ga dekiru	be expecting, have a baby on the way	86	0.03	3	cut	less-common	'We're expecting' (86 hits, judged 3); kodomo ga umareru is the stronger baby set.	Not kodomo o motsu: 'we're having a baby' is kodomo ga dekita. Kodomo ga iru means you already have children.
yuuki-ga-nai	describing	yuuki ga nai	not have the courage	86	0.12	3	cut	less-common	Means 'not have the courage'. Real, but said less than the kept sets (86 in films, judged 3).	'Have courage' is aru/nai, not motsu.
paatii-o-hiraku	people	paatii o hiraku	throw a party	86	0.09	2	cut	less-common	Formal 'hold a party' (86 hits, judged 2); paatii o suru is the casual one.	'Throw/have a party': Japanese opens (hiraku) it.
ishiki-o-ushinau	body	ishiki o ushinau	lose consciousness	85	0.14	2	cut	film	'Lose consciousness' belongs to hospital and action scenes, not daily life (judged 2/5).	'Lose' is ushinau here, not nakusu.
chiryou-o-ukeru	body	chiryou o ukeru	get medical treatment	85	0.14	3	cut	less-common	Formal, medical-sounding 'receive treatment'. In casual speech people say byouin ni iku.	'Get treatment' tempts morau; Japanese receives it with ukeru.
koudou-o-okosu	work-school	koudou o okosu	take action	85	0.06	2	cut	less-common	Speeches and plot climaxes. People rarely say it in daily life.	'Take action' is not toru; Japanese raises (okosu) it.
yuuki-o-dasu	senses	yuuki o dasu	work up the courage, be brave	84	0.12	3	cut	less-common	Real (yuuki dashite kokuhaku shita, 'I worked up the courage and confessed') but comes up less than the kept genki o dasu.	Not yuuki o motsu or mitsukeru: you 'put out' courage, yuuki o dasu (yuuki dashite itta), as in genki o dasu.
iiwake-o-suru	people	iiwake o suru	make excuses	84	0.37	4	cut	not-a-collocation	Plain suru verb (iiwake suru); learn it as one verb, iiwake shinaide.	Not iiwake o tsukuru: you 'do' an excuse, iiwake (o) suru.
yakusoku-o-yaburu	time-money	yakusoku o yaburu	break a promise	83	0.02	2	cut	less-common	Said much less than keeping a promise (83, judged 2), and people often just say yakusoku shita no ni.	Not yakusoku o kowasu: breaking a promise is yaburu, 'tear'.
ushiro-ni-sagaru	body	ushiro ni sagaru	step back	83	0.07	3	cut	less-common	'Step back' is mostly heard in station announcements and crowds (judged 3/5).	English 'go back' pushes toward modoru (return); moving backward where you stand is ushiro ni sagaru.
kutsu-o-haku	clothes	kutsu o haku	put on / wear shoes	82	0.17	5	KEPT c-kutsu-o-haku			Not kutsu o kiru: anything on the feet or legs takes haku.
jouhou-o-atsumeru	work-school	jouhou o atsumeru	gather information	82	0.03	3	cut	less-common	Investigation and research talk. Everyday speech uses shiraberu.	
tsugou-ga-warui	time-money	tsugou ga warui	not a good time	82	0.25	4	KEPT c-tsugou-ga-warui			'I'm not free/busy' maps to tsugou ga warui, not hima ja nai.
jijou-ga-aru	people	jijou ga aru	have one's reasons	82	0.27	3	cut	less-common	Real (82 hits, judged 3) but said less than the kept 'have' sets.	
denwa-ga-naru	media	denwa ga naru	the phone rings	81	0.01	3	cut	maybe	"Keitai natteru yo" ("your phone's ringing") is said all the time (81 in the films). It pairs well with the kept denwa ni deru.	Sounds like naru 'become', but this is 鳴る 'ring': keitai natteru yo = 'your phone's ringing'.
ki-ga-chiru	senses	ki ga chiru	get distracted	81	0.01	3	cut	less-common	Real for 'get distracted' (urusakute ki ga chiru, 'it's so noisy I can't focus') but used less than the kept ki sets (81 hits, judged 3).	'Distracted/distracting' has no adjective in Japanese: ki ga chiru (urusakute ki ga chiru); learners only manage shuuchuu dekinai.
tayori-ni-naru	describing	tayori ni naru	be reliable, dependable (someone you can count on)	81	0.40	3	cut	less-common	A real way to praise someone as dependable ('tayori ni naru ne'), but it comes up less often than the kept describing sets.	There is no plain adjective for 'reliable': a dependable person 'becomes a support', tayori ni naru. Tayori ni suru means 'rely on someone'.
kaigi-ga-aru	work-school	kaigi ga aru	have a meeting	81	0.26	4	cut	maybe	An everyday work line (ashita kaigi aru), and English 'have' tempts motsu. It's the meeting version of the kept yotei ga aru.	'Have a meeting' is kaigi ga aru, not motsu.
uta-o-kiku	media	uta o kiku	listen to a song	81	0.13	4	cut	covered	Same verb and meaning as the kept ongaku o kiku. Only the noun changes.	
kodomo-o-umu	people	kodomo o umu	have a baby	81	0.03	3	cut	less-common	Narration-style 'give birth' (81 hits); conversation prefers kodomo ga umareru.	'Have a baby' is umu (give birth), not motsu.
zutsuu-ga-suru	body	zutsuu ga suru	have a headache	81	0.48	4	cut	covered	Means the same as atama ga itai, which is on the list and is what people actually say. Zutsuu is the bookish word.	'Have a headache' is zutsuu ga suru, not motsu or aru.
shatsu-o-kiru	clothes	shatsu o kiru	put on a shirt	80	0.23	4	cut	covered	Tops take kiru, which fuku o kiru already teaches.	'Wear' splits by body part: kiru for tops, haku for bottoms.
masuku-o-tsukeru	clothes	masuku o tsukeru	wear a mask	80	0.23	4	cut	covered	Means the same as the kept masuku o suru, which is what people actually say. tsukeru sounds like an announcement.	'Wear' a mask is tsukeru (or suru), not kiru.
misu-o-okasu	work-school	misu o okasu	make a mistake	80	0.20	2	cut	less-common	Formal. Casual speech just says misu shita.	'Make a mistake' is not tsukuru; okasu, or casually misu suru.
on-ni-suru	media	on ni suru	turn on (a setting)	80	0.22	3	cut	not-a-collocation	This is the general X ni suru ("set it to X") pattern applied to a toggle, not a fixed noun + verb set.	Toggles take on ni suru; tsukeru is for lights and TVs.
namae-o-oboeru	people	namae o oboeru	remember a name	79	0.03	4	cut	less-common	Real (79 hits) but said less than the kept sets.	oboeru is memorise/keep in mind; recalling on the spot is omoidasu.
seki-ni-suwaru	travel	seki ni suwaru	sit in a seat	79	0.12	3	cut	not-a-collocation	suwaru works with any place, and people usually just say suwatte; seki adds little.	Sit takes ni (into the seat), not o.
shashin-o-miseru	media	shashin o miseru	show a photo	79	0.05	4	cut	less-common	A real set (79), but miseru goes with anything you show. shashin o miru is the stronger photo set.	
kaado-o-tsukau	time-money	kaado o tsukau	pay by card	79	0.14	4	cut	maybe	'Kaado tsukaemasu ka?' is asked at shop counters every day, and films undercount it (79).	
beruto-o-shimeru	clothes	beruto o shimeru	fasten a belt	79	0.31	3	cut	less-common	Real and fairly frequent (79), but doing up a belt comes up less in everyday talk than the kept clothing verbs.	'Fasten/buckle' is shimeru (tighten), not tsukeru.
shinbun-o-yomu	media	shinbun o yomu	read the newspaper	78	0.28	3	cut	less-common	Easy to guess and getting less common as fewer people read paper newspapers (78, judged 3).	
asa-ni-naru	time-money	asa ni naru	morning comes	78	0.13	3	cut	not-a-collocation	Just time word + ni naru, an open pattern that works with any time of day.	'Morning comes' is asa ni naru (becomes), not kuru.
ase-o-kaku	body	ase o kaku	sweat, break a sweat	77	0.53	4	KEPT c-ase-o-kaku			'Sweat' is a verb in English; Japanese 'scratches out' sweat: ase o kaku, not ase suru.
yakedo-o-suru	body	yakedo o suru	get burned, burn oneself	77	0.71	3	cut	less-common	Burning yourself while cooking comes up sometimes (77 hits), but not as often as the kept injury and illness sets.	Not te ga yakeru or moeru: burning your skin is the noun yakedo + suru, like kega o suru.
meshi-o-kuu	food	meshi o kuu	eat, grab a meal	77	0.53	4	cut	covered	A rougher, mostly male way of saying gohan o taberu. Same set, casual register.	
ushiro-o-muku	body	ushiro o muku	turn around	77	0.07	3	cut	less-common	Real 'turn around', but not something you say often (judged 3/5).	'Turn around' is muku (face), not mawaru (spin).
kouka-ga-nai	body	kouka ga nai	it doesn't work, no effect	77	0.19	3	cut	less-common	'It has no effect' is real but occasional. For medicine, kikanai is more common.	English 'it doesn't work' tempts hataraku or ugokanai; for remedies and methods Japanese says kouka ga nai (or kikanai).
boushi-o-kaburu	clothes	boushi o kaburu	wear / put on a hat	76	0.19	4	KEPT c-boushi-o-kaburu			Not boushi o kiru: anything pulled over the head (hat, cap, helmet, hood) takes kaburu.
kodomo-ga-umareru	people	kodomo ga umareru	have a baby (a child is born)	76	0.03	4	cut	maybe	'We had a baby' (kodomo ga umareta, 76 hits, judged 4): a common life-event set none of the kept ones covers.	Not kodomo o motsu or kodomo ga aru: 'we had a baby' is kodomo ga umareta (or akachan ga umareta), with the child as subject.
deeto-ni-sasou	people	deeto ni sasou	ask someone out	76	0.12	3	cut	less-common	Real (76 hits, judged 3) but a narrower dating situation.	'Ask out' is sasou with ni, not kiku (ask a question).
ofu-ni-suru	media	ofu ni suru	turn off (a setting)	76	0.60	3	cut	not-a-collocation	The same X ni suru ("set it to X") pattern as on ni suru, not a fixed set.	Settings and toggles take ofu ni suru; kesu is for lights and TVs.
dainashi-ni-naru	describing	dainashi ni naru	get ruined	75	0.14	3	cut	less-common	Means 'get ruined'. Real, but not an everyday phrase (75 in films, judged 3).	No single verb for 'be ruined'; it is dainashi ni naru (dainashi ni suru to ruin it).
nagai-tsukiai	people	nagai tsukiai	long friendship; go way back	75	0.42	3	cut	less-common	Real (judged 3) but less frequent.	
jiko-ni-au	travel	jiko ni au	have an accident	74	0.12	3	cut	less-common	Real, but accidents mostly come up in the news and film plots (judged 3).	Not jiko o shita or jiko o motta: being in an accident is jiko ni au, the same sound as meeting someone. A driver who causes one jiko o okosu.
esa-o-yaru	home	esa o yaru	feed (a pet or animal)	74	0.18	3	cut	narrow	Only for feeding a pet or an animal.	There's no single verb for 'feed': you give the food (esa o yaru or ageru), with the same yaru as mizu o yaru.
tabi-ni-deru	travel	tabi ni deru	set off on a journey	74	0.11	3	cut	covered	ryokou ni iku is the everyday way to say you're going on a trip; tabi ni deru sounds literary.	With tabi the verb is deru (go out), not iku.
hokori-o-motsu	describing	hokori o motsu	take pride (in)	74	0.09	2	cut	film	Belongs to film speeches like 'be proud of who you are'. In daily talk people say hokori ni omou or use jiman instead.	'Take pride' uses motsu (hold), not toru.
ongaku-o-kiku	media	ongaku o kiku	listen to music	72	0.14	5	KEPT c-ongaku-o-kiku			
koe-ga-suru	senses	koe ga suru	hear a voice	72	0.04	3	cut	covered	Same 'X ga suru' pattern as the kept oto ga suru, with koe (voice) in place of oto (sound).	'I heard someone's voice' is koe ga shita (suru) when it just reaches you, not koe o kiita.
kigen-ga-warui	senses	kigen ga warui	be in a bad mood	72	0.37	4	cut	maybe	Common (judged 4) and a real trap: a bad mood is kigen ga warui, while the kept kibun ga warui means feeling sick.	Not kibun ga warui, which means feeling sick: a bad mood is kigen ga warui. A good mood is kigen ga ii or gokigen.
ryokou-ni-iku	travel	ryokou ni iku	go on a trip	72	0.19	5	KEPT c-ryokou-ni-iku			
aji-ga-suru	food	aji ga suru	taste (like something)	71	0.20	4	KEPT c-aji-ga-suru			English 'taste' is a verb; Japanese says the flavour 'does': ichigo no aji ga suru, not ichigo o ajiwau.
yume-ga-kanau	senses	yume ga kanau	a dream comes true	71	0.04	3	cut	less-common	Real ('a dream comes true') but you hear it in songs and speeches more than in daily talk.	Not yume ga hontou ni naru: dreams are 'granted' (kanau).
toraburu-ni-makikomareru	people	toraburu ni makikomareru	get caught up in trouble	71	0.22	3	cut	film	Getting dragged into trouble is a plot situation.	'Get into trouble' is the passive makikomareru with ni, not hairu.
tonari-ni-suwaru	people	tonari ni suwaru	sit next to someone	71	0.26	4	cut	not-a-collocation	Free combination: tonari ni goes with any verb (tonari suwatte ii?).	'Next to' is tonari; tsugi means next in order.
ocha-o-nomu	food	ocha o nomu	drink tea; have tea	71	0.26	5	KEPT c-ocha-o-nomu			'Have tea' is nomu; motsu would mean holding it.
bideo-o-miru	media	bideo o miru	watch a video	71	0.22	4	cut	less-common	Said less than terebi o miru (71). For phone and online clips people now say douga.	
beddo-de-neru	home	beddo de neru	sleep in a bed	70	0.10	4	cut	not-a-collocation	Free combination: any place + de neru, so there's nothing to learn beyond neru.	'In bed' takes de (place of action), not naka.
akumu-o-miru	body	akumu o miru	have a nightmare	70	0.28	3	cut	covered	Works just like yume o miru, which is on the list: nightmares are 'seen' too.	Dreams are seen (miru), not had (motsu).
guai-ga-ii	body	guai ga ii	feel well; work well	70	0.19	3	cut	less-common	People nearly always talk about guai when it's bad. The 'good' side comes up far less (70 vs 227 hits).	'I feel well' is guai ga ii, not kanjiru.
seifuku-o-kiru	clothes	seifuku o kiru	wear a uniform	70	0.35	3	cut	covered	A uniform is just another thing you kiru. fuku o kiru covers it.	'Wear' splits by body part; uniforms take kiru.
owakare-o-iu	people	owakare o iu	say goodbye	70	0.69	3	cut	less-common	Real (70 hits, judged 3); people more often just say jaa ne or sayonara.	
kisoku-o-yaburu	work-school	kisoku o yaburu	break the rules	70	0.18	3	cut	less-common	Real, but mostly a plot or school-lecture line. People say it less than the kept sets.	Rules are broken with yaburu (tear), not kowasu.
meeru-o-miru	media	meeru o miru	check email or messages	70	0.08	4	cut	less-common	"Meeru mita?" is real (70), but it is just miru, and the kept meeru sets cover the message routine.	'Check email' is usually just miru.
kakushigoto-o-suru	people	kakushigoto o suru	keep secrets (from someone)	70	0.50	3	cut	covered	The kept naisho ni suru covers keeping secrets.	'Keep secrets' is kakushigoto o suru, not motsu.
takushii-o-yobu	travel	takushii o yobu	call a taxi	69	0.22	3	cut	less-common	Real, but taxis come up much less than trains and buses (judged 3).	Not takushii o kakeru: kakeru goes with denwa (the phone call), while the taxi you summon is yobu.
doa-ga-shimaru	home	doa ga shimaru	the door closes	69	0.03	4	cut	covered	The closing half of doa ga aku; same pattern, so learn it alongside that one.	Intransitive shimaru (it closes) vs transitive shimeru (close it).
tooi-mukashi	time-money	tooi mukashi	long, long ago	69	0.11	2	cut	less-common	A storybook phrase ('long, long ago'), rare in everyday talk (judged 2).	
himei-o-ageru	senses	himei o ageru	let out a scream	69	0.41	2	cut	film	'Let out a scream' is horror and thriller narration, judged 2 for daily life.	Screams are raised (ageru), not dasu.
henji-ga-nai	people	henji ga nai	no reply	69	0.15	4	cut	less-common	'No reply' (69 hits) is real; the kept meeru o kaesu handles the main reply set.	
meeru-ga-kuru	media	meeru ga kuru	get an email or message	68	0.08	4	KEPT c-meeru-ga-kuru			Not eru, and usually not morau: 'I got a message' is meeru kita ('a message came').
kami-o-kiru	describing	kami o kiru	get a haircut, cut one's hair	68	0.11	4	KEPT c-kami-o-kiru			Not kami o kitte morau or a 'haircut' noun: Japanese says kami kitta even when a hairdresser did the cutting.
atsuryoku-o-kakeru	people	atsuryoku o kakeru	put pressure on	68	0.44	3	cut	less-common	Business or drama phrasing (68 hits, judged 3).	'Put pressure' is kakeru, not oku.
benkyou-ni-naru	work-school	benkyou ni naru	be informative; learn a lot (from it)	67	0.11	4	KEPT c-benkyou-ni-naru			Not benkyou shita: 'that's really useful to know' is benkyou ni naru (benkyou ni narimashita), and nobody is studying.
koe-ga-ookii	describing	koe ga ookii	have a loud voice	67	0.04	4	cut	maybe	People say 'you're loud' (koe dekai / koe ookii) all the time. It's common (67 in films, judged 4), and English pushes you toward koe ga takai, which means high-pitched.	Not koe ga takai, which means high-pitched, and not just urusai: a loud voice is ookii (big).
mizu-o-nagasu	home	mizu o nagasu	flush (the toilet); run water	67	0.05	3	cut	less-common	Real (67 hits) but said less than the kept sets; for the toilet people say toire nagashite.	'Flush' has no Japanese verb of its own: you make the water flow, as in toire no mizu nagashite.
kiji-o-yomu	media	kiji o yomu	read an article	67	0.15	3	cut	less-common	Reading an article is a narrower habit than the kept media sets (67, judged 3).	
nimotsu-o-motsu	travel	nimotsu o motsu	carry the bags	67	0.12	4	cut	maybe	Everyday offer 'nimotsu motsu yo' (I'll carry that for you); 67 hits and judged 4.	'Carry bags' is motsu; hakobu is moving them somewhere.
fuyu-ga-kuru	weather	fuyu ga kuru	winter comes	67	0.24	3	cut	film	Its 67 hits are mostly 'Winter is coming' lines from dubbed fantasy. In everyday talk people just say it's got cold (samuku natta).	
keitai-o-motsu	media	keitai o motsu	have your phone on you	67	0.11	4	cut	less-common	Common enough (67, judged 4), but motsu here is the ordinary verb for carrying anything.	'Have a phone (on you)' is motte iru, not aru.
inu-o-kau	home	inu o kau	have / keep a dog	66	0.08	4	KEPT c-inu-o-kau			Not inu o motsu or inu ga aru: pets are 'kept' (kau, which sounds like 'buy'). You can also say inu ga iru.
koohii-o-ireru	food	koohii o ireru	make coffee	66	0.11	4	cut	covered	Uses the same ireru verb as ocha o ireru. Once you know tea, coffee follows.	'Make coffee' is ireru, not tsukuru.
ishiki-ga-modoru	body	ishiki ga modoru	come to; regain consciousness	66	0.11	2	cut	film	'Regain consciousness' is a hospital-drama line (judged 2/5).	Consciousness returns (modoru) on its own; there is no 'regain' verb.
muki-o-kaeru	home	muki o kaeru	turn around; change direction	66	0.55	2	cut	less-common	Native rating only 2/5; it mostly describes turning something to face another way.	
noo-to-iu	people	noo to iu	say no	66	0.61	2	cut	not-a-collocation	Quote grammar (X to iu), not a fixed set; judged 2.	Quoted words take to: noo to iu.
yotei-ga-nai	time-money	yotei ga nai	have no plans	66	0.16	4	cut	covered	Just yotei ga aru with nai.	'Have plans' is yotei ga aru, not motsu.
risuto-o-tsukuru	work-school	risuto o tsukuru	make a list	65	0.09	3	cut	not-a-collocation	A free combination: tsukuru is the generic 'make', and nothing is special about this pairing.	
kaoiro-ga-warui	body	kaoiro ga warui	look pale, look unwell	64	0.55	4	cut	maybe	'Kaoiro warui yo, daijoubu?' is a very common caring remark (judged 4/5), and English 'pale' leads you the wrong way. It only just missed.	Not kao ga aoi or kao ga shiroi: 'you look pale' is kaoiro ga warui (your complexion is bad).
asa-okiru	home	asa okiru	get up in the morning	64	0.11	5	cut	not-a-collocation	asa is just a time word; okiru on its own already means get up.	
ruuru-o-yaburu	people	ruuru o yaburu	break the rules	64	0.14	3	cut	less-common	Real (64 hits, judged 3) but said less than the kept sets.	'Break' suggests kowasu; rules and promises are yaburu (tear).
asa-ga-hayai	time-money	asa ga hayai	have an early start	63	0.10	4	cut	maybe	'Ashita asa hayai kara' is the standard way to leave early. It's common (judged 4) and makes the morning the subject.	English says 'I start early'; Japanese makes the morning the subject.
supiido-o-otosu	travel	supiido o otosu	slow down	63	0.25	3	cut	narrow	Only used when driving or riding.	English 'slow down' has no noun; Japanese drops (otosu) the speed.
tema-o-habuku	time-money	tema o habuku	save the trouble	63	0.44	3	cut	less-common	A tight pairing, but mid-frequency (63, judged 3), and it leans toward work talk.	'Save' suggests setsuyaku or tameru; effort is cut out with habuku.
hi-ga-kureru	weather	hi ga kureru	it gets dark (evening)	62	0.03	3	KEPT c-hi-ga-kureru			No English verb matches: the day 'closes', hi ga kureru (casually kuraku naru). This kureru is unrelated to kureru 'give me'.
hi-o-kesu	food	hi o kesu	turn off the stove / heat	62	0.06	3	cut	less-common	Count (62) is boosted by films putting out fires. In daily life it is the stove check 'hi keshita?'.	On the stove you 'put out the fire' (hi keshita?), not gasu o shimeru. Turning it on is hi o tsukeru.
renraku-ga-kuru	people	renraku ga kuru	hear from someone (they get in touch)	62	0.02	4	cut	maybe	renraku kita? ('did they get in touch?', 62 hits, judged 4) is everyday talk; the incoming side of renraku o toru.	Not X kara kiku, which means you heard some news from X. "Did he get in touch?" is renraku kita?
kokoroatari-ga-nai	senses	kokoroatari ga nai	have no idea who/why	62	0.38	3	cut	film	The detective-interview answer ('no idea who'd do this'); rare outside crime plots.	English 'I have no idea' tempts aidia ga nai or wakaranai; for 'no idea who or what it could be' Japanese uses kokoroatari ga nai.
atama-ga-itai	body	atama ga itai	have a headache	61	0.02	5	KEPT c-atama-ga-itai			Not a 'have' sentence: the head hurts, atama ga itai; zutsuu is the written word.
shigoto-o-mitsukeru	work-school	shigoto o mitsukeru	find a job	61	0.01	3	cut	less-common	The transitive form sounds less natural for landing a job. People usually say shigoto ga mitsukatta.	Keep it apart from shigoto o sagasu (look for one) and shigoto ga mitsukaru (one turns up): mitsukeru is the transitive 'find'.
enjin-o-kakeru	travel	enjin o kakeru	start the engine	61	0.19	3	cut	narrow	Only used when driving, and car scenes in films push the count up.	'Start' suggests hajimeru; engines are kakeru.
yuushoku-o-tsukuru	food	yuushoku o tsukuru	make dinner	61	0.13	3	cut	less-common	Yuushoku sounds bookish. In speech people say gohan tsukuru for making dinner.	
kikai-o-nogasu	work-school	kikai o nogasu	miss a chance	61	0.07	3	cut	less-common	Real, but somewhat formal. Casual talk uses chansu o nogasu, and both are moderately rare.	'Miss' has no single verb; chances are nogasu, trains noriokureru.
kankaku-ga-nai	body	kankaku ga nai	can't feel it, numb	61	0.23	2	cut	film	'I can't feel my legs' is an injury-scene line. Rare in normal life (judged 2/5).	English says 'I can't feel'; Japanese says there is no sensation.
ha-o-migaku	home	ha o migaku	brush your teeth	60	0.13	4	KEPT c-ha-o-migaku			Not ha o burashi suru or haku: teeth are migaku'd (polished).
hashi-o-wataru	travel	hashi o wataru	cross a bridge	60	0.20	3	cut	less-common	Shows that wataru takes o, but people rarely talk about crossing bridges (judged 3).	The bridge takes o as the route crossed, not ni.
ofuro-ni-hairu	home	ofuro ni hairu	take a bath	59	0.52	5	KEPT c-ofuro-ni-hairu			Not ofuro o toru: you 'enter' the bath, so it's ofuro ni hairu.
okane-o-tsukau	time-money	okane o tsukau	spend money	59	0.04	4	cut	less-common	Said often enough (59, judged 4), but the verb is plain tsukau, so it nearly guesses itself. It just missed.	Not okane o sugosu: money is spent with tsukau, 'use'; sugosu is only for spending time.
buji-de-yokatta	people	buji de yokatta	glad you're safe	59	0.28	4	cut	not-a-collocation	Grammar pattern (X de yokatta), not a noun + verb set.	English 'glad' tempts ureshii; relief that someone is safe is yokatta.
kyaku-ga-kuru	people	kyaku ga kuru	have guests coming	59	0.15	4	cut	less-common	Real (59 hits) but less frequent than the kept home sets.	English 'have guests'; Japanese says the guests come.
iki-o-suu	body	iki o suu	breathe in	59	0.06	4	cut	less-common	'Breathe in' comes up at the doctor's or in yoga ('iki o sutte'), not in everyday chat.	
hi-o-okosu	hobbies	hi o okosu	build a fire	59	0.06	2	cut	film	Building a fire comes up in survival and camping scenes in films (59 hits), but rarely in everyday talk (rated 2).	'Make a fire' suggests tsukuru; fires are okosu (raise).
joudan-wa-yameru	people	joudan wa yameru	stop joking	59	0.11	3	cut	covered	The kept joudan o iu covers the noun; joudan yamete is just its negative use.	
shujutsu-o-ukeru	body	shujutsu o ukeru	have surgery, have an operation	58	0.14	3	cut	narrow	Only for talking about surgery.	Not shujutsu o suru, which is what the surgeon does. The patient 'receives' it: shujutsu o ukeru.
kaidan-o-noboru	home	kaidan o noboru	go up the stairs	58	0.16	3	cut	less-common	Real (58 hits) but stairs rarely come up in talk; o for the route is the only twist.	The stairs take o as the route, not ni.
gohan-o-taberu	food	gohan o taberu	eat a meal	58	0.40	5	KEPT c-gohan-o-taberu			Gohan means a meal here, not only rice.
ruuru-ni-shitagau	people	ruuru ni shitagau	follow the rules	58	0.12	2	cut	less-common	Formal (judged 2); ruuru o mamoru is the casual choice.	Takes ni, not o; ruuru o mamoru is the more casual choice.
kitai-ni-kotaeru	work-school	kitai ni kotaeru	live up to expectations	58	0.04	3	cut	less-common	Speech-and-sports-interview language. People say it less in daily life.	No 'live up'; you answer (kotaeru) expectations, with ni.
masuku-o-suru	clothes	masuku o suru	wear a mask	57	0.16	4	KEPT c-masuku-o-suru			Not masuku o kiru: small worn items (mask, watch, scarf, tie) just take suru, as in masuku shiteru. masuku o tsukeru is the announcement register.
kagami-o-miru	home	kagami o miru	look in the mirror	57	0.34	4	cut	less-common	Real (57 hits) but guessable, and said less than the kept daily-routine sets.	'Look in' suggests ni; the mirror takes o.
hidari-ni-magaru	travel	hidari ni magaru	turn left	57	0.21	4	KEPT c-hidari-ni-magaru			'Turn' suggests mawaru; at corners it is magaru.
ii-taimingu	time-money	ii taimingu	good timing	57	0.30	3	cut	less-common	It's mostly the English loan used as an exclamation, and it comes up less than the kept sets (57).	
mikata-ni-naru	people	mikata ni naru	take someone's side	57	0.19	3	cut	less-common	Real (57 hits, judged 3) but said less than the kept sets.	English 'side with' is a verb; Japanese says 'become an ally'
ketsudan-o-kudasu	work-school	ketsudan o kudasu	make a decision	57	0.14	2	cut	less-common	Formal and dramatic. In everyday speech people just say kimeru.	'make' is not tsukuru; decisions are handed down (kudasu)
sainou-ga-nai	describing	sainou ga nai	have no talent	57	0.10	3	cut	less-common	The negative of sainou ga aru. Real, but rare in everyday talk (57 in films).	
ishiki-ga-aru	body	ishiki ga aru	be conscious	57	0.09	2	cut	film	'Is he conscious?' is an emergency-scene line (judged 2/5).	
yakuwari-o-hatasu	work-school	yakuwari o hatasu	play a role	57	0.26	2	cut	less-common	Written and formal. People rarely say it in conversation.	'play' is not asobu; roles are fulfilled (hatasu)
kazu-ga-ooi	describing	kazu ga ooi	there are a lot of them	57	0.10	3	cut	not-a-collocation	A loose pairing: ooi just means 'many', and people usually say takusan aru or ooi on its own.	
ninki-ga-aru	describing	ninki ga aru	be popular	56	0.42	4	KEPT c-ninki-ga-aru			Not popyuraa da: 'popular' is ninki ga aru ('has popularity'), and ninki nai for unpopular.
memai-ga-suru	body	memai ga suru	feel dizzy	56	0.74	3	cut	less-common	Real 'feel dizzy', but less frequent than the kept 'feel sick' sets (56 hits, judged 3/5).	No 'dizzy' adjective: dizziness 'does', memai ga suru.
dengon-o-nokosu	media	dengon o nokosu	leave a message	56	0.21	3	cut	film	A more formal version of "leave a message". It belongs to answering-machine scenes in films.	
ishiki-ga-nai	body	ishiki ga nai	be unconscious	56	0.09	2	cut	film	'He's unconscious' is an emergency-scene line (judged 2/5).	
waruguchi-o-iu	people	waruguchi o iu	badmouth, speak ill of someone	56	0.76	3	cut	less-common	Real (judged 3) but said less than the kept monku o iu.	Not waruguchi o hanasu. Badmouthing takes iu, like monku o iu and joudan o iu.
naisho-ni-suru	people	naisho ni suru	keep it secret	55	0.72	4	KEPT c-naisho-ni-suru			Not naisho o mamoru: 'keep it secret' is ni suru, as in kore naisho ni shite ne (himitsu ni suru is the more neutral twin).
me-ga-au	people	me ga au	make eye contact	55	0.01	3	cut	less-common	Literal eye contact (55 hits, judged 3); less frequent than the kept sets.	Not ai kontakuto o suru: eyes 'meet' with au 合う (fit), not au 会う (meet a person).
karada-ni-ii	body	karada ni ii	good for you, healthy	55	0.04	5	KEPT c-karada-ni-ii			'Healthy' sends learners to kenkou. For food and habits Japanese says karada ni ii ('good for the body'), and karada ni warui for the opposite.
orei-o-suru	people	orei o suru	do something in thanks	55	0.18	4	cut	less-common	Repaying a favour (55 hits) is less common than the kept orei o iu.	Saying thanks is orei o iu; orei o suru means repaying with a gift or favour
juusho-o-oshieru	people	juusho o oshieru	give someone your address	55	0.12	3	cut	less-common	Same frame as namae o oshieru but said less (55 hits).	Telling someone an address is oshieru, not iu
hakike-ga-suru	body	hakike ga suru	feel nauseous	55	0.64	3	cut	covered	In casual talk nausea is kimochi warui or kibun ga warui, which is on the list.	Not hakike ga aru: nausea 'does', hakike ga suru; in casual talk people say kimochi warui.
okane-ga-kakaru	time-money	okane ga kakaru	cost money	54	0.04	5	KEPT c-okane-ga-kakaru			English 'it costs a lot' has no verb to copy: money kakaru, the same verb as time (kekkou kakatta).
ocha-o-ireru	food	ocha o ireru	make tea	54	0.20	4	KEPT c-ocha-o-ireru			Not ocha o tsukuru: tea and coffee are 'put in' (ireru), not made.
yuki-ga-furu	weather	yuki ga furu	it snows	54	0.28	4	KEPT c-yuki-ga-furu			Not yuki ga ochiru: snow falls with furu, the same verb as rain.
terebi-ni-deru	media	terebi ni deru	appear on TV	54	0.11	3	cut	less-common	Useful ("terebi ni deteta!"), but appearing on TV comes up far less than watching it (54).	Not terebi ni iru: a person on TV terebi ni deru ('comes out on'); a programme is terebi de yaru.
hige-o-soru	home	hige o soru	shave	54	0.35	3	cut	maybe	Strongly fixed (typical 0.35, log_dice 12.6) and the only everyday way to say shave.	English 'shave' needs no object, but Japanese names what comes off: hige o soru (face), ashi no ke o soru (legs).
okane-o-morau	time-money	okane o morau	get money (from someone)	54	0.04	4	cut	not-a-collocation	morau works with anything you receive, so this is a free combination.	Money received from someone is morau, not eru.
nagame-ga-ii	travel	nagame ga ii	have a nice view	54	0.52	3	cut	less-common	Said about the view from a hotel room or flat; less frequent than the kept sets (judged 3).	
genjitsu-o-miru	people	genjitsu o miru	face reality	54	0.11	3	cut	film	'Face reality' is a drama line.	'face' is not mukau here; you look at (miru) reality
arashi-ga-kuru	weather	arashi ga kuru	a storm is coming	54	0.18	3	cut	film	'A storm is coming' is a stock line in foreign films. In Japan the storm people talk about is a typhoon, and taifuu ga kuru is already kept.	
hi-ga-noboru	weather	hi ga noboru	the sun rises	54	0.02	3	cut	less-common	Mostly heard in narration and dramatic scenes (54 hits). People talking about their morning rarely mention the sun rising.	
kaimono-ni-iku	home	kaimono ni iku	go shopping	54	0.29	5	KEPT c-kaimono-ni-iku			Purpose takes ni, not o
genki-ga-nai	describing	genki ga nai	be down, low on energy	53	0.09	5	KEPT c-genki-ga-nai			Not kanashii or daun: 'you seem down' is genki nai ne. Genki ja nai sounds more like 'not healthy'.
chigai-ga-wakaru	senses	chigai ga wakaru	tell the difference	53	0.04	3	cut	less-common	Real, usually as chigai ga wakaranai ('I can't tell the difference'), but comes up less than the kept wakaru sets.	Not chigai o iu or oshieru: here 'tell' is wakaru, and the difference is the subject. It is usually heard as chigai ga wakaranai.
kawa-o-wataru	travel	kawa o wataru	cross a river	53	0.11	3	cut	less-common	Crossing a river rarely comes up in daily talk.	Crossing takes o, not ni
kyanpu-ni-iku	hobbies	kyanpu ni iku	go camping	53	0.20	3	cut	less-common	Real (rated 3, 53 hits) but said less than the kept going-out sets like ryokou ni iku.	Activity as purpose takes ni, no -ing form
umi-o-wataru	travel	umi o wataru	cross the sea	53	0.07	2	cut	less-common	Belongs to stories and history, not daily talk (judged 2).	Crossing takes o, not ni
gyougi-ga-ii	describing	gyougi ga ii	well-mannered	53	0.69	3	cut	less-common	Means 'well-mannered'. Real, but said less than the kept sets, and the polite ogyougi ga ii is the more common form.	
tsuba-o-haku	body	tsuba o haku	spit	53	0.72	2	cut	less-common	Spitting rarely comes up in conversation (judged 2/5).	One verb in English; Japanese needs noun + haku
megane-o-kakeru	clothes	megane o kakeru	wear / put on glasses	52	0.28	4	KEPT c-megane-o-kakeru			Not megane o kiru or tsukeru: glasses 'hang' on the face, so the verb is kakeru.
inu-no-sanpo-ni-iku	home	inu no sanpo ni iku	walk the dog	52	0.19	3	cut	narrow	Only for dog owners; sanpo ni iku is the useful part on its own.	Not inu o aruku, because aruku can't take the dog as its object. You go on the dog's walk: inu no sanpo ni iku, or inu o sanpo ni tsureteku.
todoke-o-dasu	work-school	todoke o dasu	file an official notice	52	0.67	3	cut	narrow	Official paperwork only, such as marriage, moving or absence forms.	Forms are put out (dasu), not 'filed'
kooto-o-kiru	clothes	kooto o kiru	put on a coat	52	0.22	4	cut	covered	Coats take kiru like other clothes. fuku o kiru already gives you the verb.	'put on' splits by body part; coats take kiru
yoru-osoku	time-money	yoru osoku	late at night	52	0.04	4	cut	not-a-collocation	A time phrase ('late at night'), not a noun + verb set.	
mimi-ga-kikoeru	body	mimi ga kikoeru	be able to hear	52	0.05	3	cut	less-common	Talking about whether someone can hear at all is uncommon. Everyday hearing is just kikoeru.	Hearing ability is kikoeru, not kiku
kakugo-o-kimeru	senses	kakugo o kimeru	make up one's mind	52	0.08	3	cut	film	'Steel yourself' is a dramatic-plot phrase; rare in everyday talk.	
hondai-ni-hairu	work-school	hondai ni hairu	get to the point	52	0.62	3	cut	less-common	Real in meetings ('let's get to the point'), but a niche moment in daily talk.	You enter (hairu) the main topic
kanmei-o-ukeru	senses	kanmei o ukeru	be deeply impressed	52	0.72	2	cut	less-common	Formal and written-sounding (judged 2); in speech people just say kandou shita or sugoi.	Impression is received (ukeru), no passive needed
tanomi-o-kiku	people	tanomi o kiku	do someone a favour	52	0.21	4	cut	less-common	The answer to onegai ga aru (52 hits); real but less frequent.	Granting a favour is kiku (listen), not suru
kimae-ga-ii	describing	kimae ga ii	generous	51	0.96	3	cut	less-common	Means 'generous' (with money or treats). Real and very typical for its noun, but not something people say every day.	
tegami-o-yomu	media	tegami o yomu	read a letter	51	0.07	3	cut	less-common	Easy to guess and rare in daily life (51, judged 3). In films it is mostly a plot device.	
keshou-o-suru	clothes	keshou o suru	put on makeup	50	0.63	3	cut	not-a-collocation	This is just the suru verb keshou suru (or meiku suru), not a noun-verb set.	Not keshou o tsukeru or kiru: makeup takes suru. Many speakers say okeshou suru, and younger ones meiku suru.
okane-o-kasegu	time-money	okane o kasegu	make / earn money	50	0.04	3	cut	less-common	Real ('earn money') but mid-frequency (50, judged 3).	Not okane o tsukuru: 'make money' is kasegu, 'earn'. Okane o tsukuru sounds like printing it or raising funds.
kisoku-ni-shitagau	work-school	kisoku ni shitagau	follow the rules	50	0.13	2	cut	less-common	Stiff. People more often say ruuru o mamoru.	Following rules is shitagau with ni, not tsuite iku
hako-o-akeru	home	hako o akeru	open a box	50	0.10	3	cut	covered	Same akeru as doa o akeru; it works for boxes, bags and lids alike.	Transitive akeru, not aku
ichiin-ni-naru	people	ichiin ni naru	become a member (of)	50	0.48	2	cut	less-common	Formal 'become a member' (judged 2).	
igokochi-ga-ii	senses	igokochi ga ii	comfortable to be in	50	0.58	4	KEPT c-igokochi-ga-ii			English 'comfortable' about a place or group is igokochi ga ii, not just raku or kaiteki.
kado-o-magaru	travel	kado o magaru	turn at the corner	50	0.26	4	cut	maybe	A standard part of giving directions (tsugi no kado o migi ni magaru), and it shows that the corner takes o; judged 4.	Not kado ni magaru: the corner takes o and the direction takes ni (tsugi no kado o migi ni magaru). 'Turn' is not mawaru (spin).
yasumi-o-toru	work-school	yasumi o toru	take time off	49	0.32	4	KEPT c-yasumi-o-toru			English 'take' works here. The trap is the contrast: a day off sick is shigoto o yasumu, while a planned break is yasumi o toru.
kyouiku-o-ukeru	work-school	kyouiku o ukeru	get an education	49	0.31	2	cut	less-common	Formal, news-style language. It's rare in conversation.	'Get an education' uses ukeru (receive), not morau.
taido-o-toru	people	taido o toru	act a certain way	49	0.20	3	cut	less-common	Real (49 hits, judged 3) but said less than the kept sets.	'Have an attitude' is not motsu; Japanese takes toru.
fuman-ga-aru	senses	fuman ga aru	be dissatisfied	49	0.26	3	cut	less-common	Real, but in speech complaints come out as monku o iu (kept) or a plain adjective.	'Dissatisfied' is a noun + aru; complaining aloud is monku o iu.
byouin-ni-hakobu	body	byouin ni hakobu	rush to hospital	49	0.05	2	cut	film	'Rushed to hospital' is news and drama language (judged 2/5).	Emergency 'taken to hospital' is hakobareru, not tsurete ikareru.
omoiyari-ga-aru	describing	omoiyari ga aru	be considerate	49	0.50	3	cut	less-common	Means 'be considerate'. Real, but in casual talk people usually just say yasashii.	The adjective 'considerate' is noun + aru in Japanese.
onaka-ga-heru	food	onaka ga heru	get hungry	48	0.06	5	KEPT c-onaka-ga-heru			'I'm hungry' is a past-tense verb in Japanese: onaka ga hetta.
kuse-ga-aru	describing	kuse ga aru	have a habit (of)	48	0.18	3	cut	less-common	Means 'have a habit or quirk'. Real, but said less often than the kept sets (48 in films, judged 3).	Personal habits and quirks are kuse, not shuukan.
chuumoku-o-atsumeru	describing	chuumoku o atsumeru	attract attention	48	0.12	2	cut	less-common	Means 'attract attention' and sounds like news or media writing. It rarely comes up in casual conversation (judged 2).	'Attract' attention is atsumeru (gather), not hiku.
kaidan-o-oriru	home	kaidan o oriru	go down the stairs	48	0.13	4	cut	less-common	Real (48 hits) but stairs rarely come up; said less than the kept sets.	The path takes o (kaidan o oriru), and 'go down' is one verb, not iku.
yuushoku-o-toru	food	yuushoku o toru	have dinner	48	0.10	2	cut	less-common	Formal, hotel-and-news wording (judged 2/5). Friends just say gohan tabeta.	'Have' a meal is toru or taberu, never motsu.
chiketto-o-kau	hobbies	chiketto o kau	buy a ticket	48	0.26	4	cut	covered	Buying tickets is plain kau. The kept chiketto o toru (get tickets) is the more typical way to say it.	
kehai-ga-nai	senses	kehai ga nai	no sign of	48	0.44	2	cut	film	'No sign of anyone' is mostly suspense-scene narration (judged 2).	
ana-o-horu	home	ana o horu	dig a hole	48	0.04	2	cut	less-common	Native rating only 2/5; most of its 41 film hits are plot digging.	
kikioboe-ga-aru	senses	kikioboe ga aru	sound familiar	48	0.86	3	cut	less-common	Real for 'that sounds familiar' but rare in conversation.	'Sounds familiar' has no verb for sound; say kikioboe ga aru.
kutsu-o-nugu	clothes	kutsu o nugu	take off shoes	47	0.09	5	KEPT c-kutsu-o-nugu			Not kutsu o toru: shoes and clothes come off with nugu, and toru sounds like picking them up.
soudan-ni-noru	people	soudan ni noru	give advice, hear someone out	47	0.09	4	cut	maybe	Common (judged 4): soudan ni notte kureru? for hearing someone out; was in the current list.	Not adobaisu o ageru: to listen to someone's problem you 'ride on' it, soudan ni noru (to ask for advice is soudan suru).
tsuri-ni-iku	hobbies	tsuri ni iku	go fishing	47	0.27	3	cut	less-common	A natural set (rated 3, 47 hits), but fishing is a less frequent topic than the kept kaimono ni iku or gohan ni iku.	Not tsuri o iku or tsuri suru ni iku: an activity noun takes ni iku directly (tsuri ni itta).
kensa-o-ukeru	body	kensa o ukeru	get tested, have a (medical) check or test	47	0.09	3	cut	narrow	Only for medical check-ups and tests.	Not kensa o suru, which is what the doctor does: the patient 'receives' a test, kensa o ukeru, as in shujutsu o ukeru.
pantsu-o-haku	clothes	pantsu o haku	put on underpants	47	0.21	4	cut	covered	Anything on the lower body takes haku, which zubon o haku already teaches.	Lower-body clothing takes haku, not kiru; pantsu usually means underwear.
bouryoku-o-furuu	people	bouryoku o furuu	be violent (toward)	47	0.24	2	cut	film	Violence is a crime-plot topic (judged 2).	'Use violence' is furuu (wield), not tsukau.
kone-ga-aru	work-school	kone ga aru	have connections	47	0.45	2	cut	less-common	Real slang for 'have connections', but it comes up rarely.	
kioku-ni-nokoru	senses	kioku ni nokoru	stay in one's memory	47	0.04	2	cut	less-common	Judged 2 and only 47 hits; 'it stuck with me' is said less than the kept sets.	
sankou-ni-naru	work-school	sankou ni naru	be helpful (as info)	47	0.60	4	cut	covered	'That's helpful to know.' The kept benkyou ni naru does the same job in thanks (sankou ni narimashita is the business version).	Helpful advice is sankou ni naru, not tasukeru.
nagusame-ni-naru	people	nagusame ni naru	be a comfort	47	0.65	2	cut	less-common	Real but formal-leaning (judged 2).	
yume-ni-deru	home	yume ni deru	appear in a dream; dream about (someone)	46	0.02	3	cut	less-common	Nice pattern (yume ni dete kita) but said far less than yume o miru (46 hits).	English 'I dreamt about you' leads to translating 'about'. Japanese says the person came out in the dream: yume ni kimi ga dete kita.
rusu-ni-suru	home	rusu ni suru	be away from home	46	0.57	3	cut	less-common	Sounds formal; in speech people say ie ni inai or dekaketeru.	'Be away' from home is rusu ni suru, not just inai.
tadashii-handan	work-school	tadashii handan	the right call	46	0.05	2	cut	film	'The right call' is a drama-dialogue line. It's uncommon in daily life.	'Right decision' is usually handan, not kettei.
yachin-o-harau	time-money	yachin o harau	pay the rent	46	0.48	4	cut	covered	Same verb as okane o harau, with the rent as the object.	
konagona-ni-suru	describing	konagona ni suru	smash to pieces	46	0.40	2	cut	film	'Smash to pieces' belongs to action scenes and threats. You'll almost never need it in daily life.	'Smash to pieces' is konagona ni suru, not a single verb.
migi-ni-magaru	travel	migi ni magaru	turn right	46	0.17	4	cut	covered	The same set as the kept hidari ni magaru, with right in place of left.	'Turn' at a corner is magaru, not mawaru.
muri-o-iu	people	muri o iu	ask too much	46	0.09	3	cut	less-common	Real (46 hits, judged 3); muri iwanaide is the main use.	Means making unreasonable demands, not saying 'impossible'.
yuushoku-o-taberu	food	yuushoku o taberu	eat dinner	46	0.10	3	cut	covered	Same set as gohan o taberu. In speech people use gohan (or bangohan) rather than yuushoku.	
densha-ni-noru	travel	densha ni noru	get on the train	45	0.30	5	KEPT c-densha-ni-noru			Not densha o noru or densha o toru: you ride on a vehicle with ni noru, and 'take' is never toru here.
netsu-ga-aru	body	netsu ga aru	have a fever	45	0.18	5	KEPT c-netsu-ga-aru			Not netsu o motteru: a fever 'exists', netsu ga aru (netsu aru mitai).
hana-ga-saku	weather	hana ga saku	flowers bloom	45	0.11	3	cut	maybe	A strong, very typical set (log_dice 11.6), and 'sakura saita?' is everyday spring talk in Japan. It only just missed the cut.	English 'come out/open' points to deru or hiraku. Flowers bloom with saku, and petals fall with chiru, not ochiru.
warui-kuse	describing	warui kuse	bad habit	45	0.17	3	cut	less-common	Means 'bad habit'. A natural pairing, but said less than the kept sets (45 in films, judged 3).	Personal bad habits are kuse, not shuukan.
warui-joudan	people	warui joudan	joke in bad taste	45	0.08	2	cut	less-common	Real (45 hits, judged 2) but said less than the kept joudan o iu.	Means a tasteless joke or 'this can't be real', not an unfunny one.
sawagi-o-okosu	people	sawagi o okosu	cause a commotion	45	0.24	2	cut	film	'Cause a commotion' is a plot set (judged 2).	'Cause' trouble is okosu, not tsukuru.
ishi-o-nageru	body	ishi o nageru	throw stones	45	0.14	2	cut	film	Throwing stones happens in film scenes, not in daily talk.	
shiai-o-miru	hobbies	shiai o miru	watch a game	45	0.15	3	cut	less-common	Real but middling (rated 3, 45 hits). Watching a game is just miru, as in the kept eiga o miru.	'Watch' a game is just miru.
mikomi-ga-aru	describing	mikomi ga aru	show promise / be likely	45	0.42	2	cut	less-common	Means 'show promise' or 'be likely' and sounds a bit formal. It's uncommon in casual speech (judged 2).	
yubiwa-o-suru	clothes	yubiwa o suru	wear a ring	45	0.10	3	cut	less-common	Comes up mostly when talking about wedding rings. Real, but said less than the kept sets (45 hits).	Accessories take suru (or hameru), not kiru.
shirushi-o-tsukeru	work-school	shirushi o tsukeru	mark (something)	45	0.25	3	cut	less-common	Real ('mark it'), but it comes up only now and then.	'Mark' is noun + tsukeru; there is no single verb.
yo-ga-akeru	time-money	yo ga akeru	dawn breaks	45	0.03	2	cut	less-common	Literary ('dawn breaks'). In speech people say asa ni naru or akaruku naru.	夜 is read yo here; dawn is 'the night opens'.
omote-ni-deru	home	omote ni deru	go outside	45	0.28	2	cut	less-common	Native rating 2/5; soto ni deru is the everyday way, and omote ni dero is a film threat.	omote ni dero is 'step outside (to fight)'; plain 'outside' is usually soto.
gakkou-ni-kayou	work-school	gakkou ni kayou	attend school regularly	44	0.04	3	cut	covered	Regular attendance, but gakkou itteru already covers 'I go to school' in casual speech.	'I go to a Japanese school' as a routine is kayotteru, not itteru: iku is one trip, kayou is regular attendance.
namida-o-nagasu	body	namida o nagasu	shed tears	44	0.17	2	cut	less-common	Literary 'shed tears'. In speech people just say naku.	English 'shed' has no match: tears are made to flow (nagasu).
rajio-o-kiku	media	rajio o kiku	listen to the radio	44	0.31	3	cut	less-common	Same verb as ongaku o kiku, and radio is a smaller daily habit (44, judged 3).	No 'to': kiku takes the radio directly with o.
kaeri-o-matsu	home	kaeri o matsu	wait for someone to come home	44	0.40	2	cut	less-common	Native rating only 2/5; people usually just say matteru.	'Wait for' takes o, not ni.
fuku-o-kiseru	clothes	fuku o kiseru	dress someone	44	0.04	3	cut	narrow	Dressing someone else is mostly something parents do with small children.	Dressing someone else is kiseru; kiru is only dressing yourself.
zeikin-o-harau	time-money	zeikin o harau	pay taxes	44	0.49	3	cut	covered	Same verb as okane o harau, and taxes rarely come up in talk.	
beruto-o-suru	clothes	beruto o suru	wear a belt	44	0.17	3	cut	less-common	Wearing a belt is rarely worth mentioning (44 hits, judged 3).	Not beruto o kiru: belts, watches and ties take suru.
kyoumi-o-sosoru	senses	kyoumi o sosoru	pique your interest	44	0.02	2	cut	less-common	'Pique your interest' is a bit literary (judged 2, 44 hits).	
kaori-ga-suru	senses	kaori ga suru	there's a nice smell	44	0.28	4	cut	covered	The same set as the kept nioi ga suru, with kaori (a nice scent) in place of nioi.	English 'it smells' has no verb match: the scent 'does' (ga suru).
yume-o-kanaeru	senses	yume o kanaeru	make one's dream come true, achieve a dream	43	0.02	2	cut	less-common	Judged 2, 43 hits; mostly in speeches and song lyrics.	English 'achieve / realise a dream' pushes to tassei suru or jitsugen suru. The everyday verb is kanaeru, the transitive half of yume ga kanau.
tegiwa-ga-ii	describing	tegiwa ga ii	deft, efficient	43	0.83	2	cut	less-common	Means 'deft, efficient'. A bookish compliment you'll seldom need (judged 2).	
yama-ni-noboru	hobbies	yama ni noboru	climb a mountain	43	0.09	3	cut	less-common	Real (rated 3, 43 hits), but mountain climbing comes up less than the kept hobbies. Note it takes ni.	Usually ni, not a bare object like English 'climb'.
kyuuryou-o-morau	time-money	kyuuryou o morau	get paid, receive a salary	43	0.23	4	cut	less-common	Said ('kyuuryou moratta'), but less than the kept money sets (43), and morau is generic.	'Get paid' is not a passive: you receive (morau) the salary.
takushii-ni-noru	travel	takushii ni noru	take a taxi	43	0.14	4	cut	covered	Uses the same noru-with-ni pattern as the kept bus and train sets.	Not takushii o toru: vehicles take noru with ni.
wadai-o-kaeru	people	wadai o kaeru	change the subject	43	0.22	3	cut	less-common	Real (43 hits, judged 3) but less frequent.	
kitanai-kotoba	describing	kitanai kotoba	foul language	43	0.02	2	cut	film	Mostly translates film lines like 'watch your language!'. It's rare in everyday Japanese (judged 2).	
choushoku-o-taberu	food	choushoku o taberu	eat breakfast	43	0.19	2	cut	covered	Same set as gohan o taberu. Everyday speech says asagohan, not choushoku.	
keikaku-o-neru	work-school	keikaku o neru	work out a plan	43	0.02	2	cut	less-common	A bookish way to say 'work out a plan'. It's rare in speech.	Careful planning 'kneads' (neru) the plan; tsukuru sounds flat.
kuchibue-o-fuku	body	kuchibue o fuku	whistle	43	0.75	2	cut	less-common	Whistling rarely comes up (judged 2/5).	English 'whistle' is one verb; Japanese blows (fuku) a noun.
michi-o-oshieru	travel	michi o oshieru	give directions	42	0.02	3	cut	less-common	Handy when asking the way, but said less than the kept sets (42 hits, judged 3).	Not michi o iu or michi o hanasu: telling someone the way is oshieru ('teach'), as in eki made no michi oshiete kuremasen ka?
tsurai-omoi	senses	tsurai omoi	a painful experience	42	0.06	3	cut	less-common	Mostly the fixed phrase tsurai omoi o suru ('go through a hard time'); used less than the kept sets.	Used with suru (tsurai omoi o suru = go through a hard time); omoi here is not 'thought'.
eigo-ga-wakaru	people	eigo ga wakaru	understand English	42	0.11	4	cut	covered	The kept eigo o hanasu covers asking about English; wakaru takes ga like imi ga wakaru.	Not eigo o wakaru: wakaru takes ga.
ki-ni-noboru	hobbies	ki ni noboru	climb a tree	42	0.07	2	cut	less-common	Mostly about children or animals, rated uncommon (2).	Takes ni, not a bare object like English 'climb'.
jiko-ga-okiru	travel	jiko ga okiru	an accident happens	42	0.07	3	cut	less-common	Mostly news and film-plot talk (judged 3).	Accidents 'arise' (okiru/okoru); being in one is jiko ni au.
ketsuron-o-dasu	work-school	ketsuron o dasu	come to a conclusion	42	0.16	3	cut	less-common	Meeting and debate language. It's moderately rare in daily talk.	You 'put out' (dasu) a conclusion, not reach it.
zubon-o-haku	clothes	zubon o haku	put on / wear trousers	41	0.17	4	KEPT c-zubon-o-haku			Not zubon o kiru: trousers, skirts, socks and tights take haku, like shoes (anything you step into).
dengen-o-ireru	media	dengen o ireru	turn on (a phone, computer, device)	41	0.16	3	cut	maybe	The on switch that matches the kept dengen o kiru (41). It is the natural way to say you turned on a phone or PC.	Lights and the TV take tsukeru, but powering up a phone or PC is dengen o ireru ('put the power in').
taimingu-ga-warui	time-money	taimingu ga warui	bad timing	41	0.22	3	cut	less-common	Real but not frequent (41, judged 3).	
yousu-ga-okashii	describing	yousu ga okashii	acting strange, seem off	41	0.08	3	cut	less-common	Means 'someone's acting strange'. Real and handy, but said less than the kept sets (41 in films, judged 3).	okashii here means 'odd', not 'funny'.
beru-ga-naru	work-school	beru ga naru	the bell rings	41	0.20	3	cut	narrow	One situation. Japanese schools usually say chaimu ga naru.	Intransitive naru with ga; ringing it yourself is narasu.
tomodachi-ga-dekiru	people	tomodachi ga dekiru	make friends	40	0.02	5	KEPT c-tomodachi-ga-dekiru			Not tomodachi o tsukuru as the default: friends 'come into being' with ga dekiru (tomodachi dekita).
shinpai-o-kakeru	people	shinpai o kakeru	make someone worry	40	0.01	4	KEPT c-shinpai-o-kakeru			Not shinpai suru, which means you are the one worrying: worrying someone else is shinpai o kakeru (shinpai kakete gomen).
ruuru-o-mamoru	work-school	ruuru o mamoru	follow / keep to the rules	40	0.09	3	cut	less-common	A good set (ruuru mamotte), but said less than the kept ones. Count 40.	Not ruuru ni tsuite iku: following rules is mamoru ('protect'), like promises and time. Ruuru ni shitagau is stiffer.
nokori-sukunai	time-money	nokori sukunai	not much left	40	0.16	3	cut	less-common	'Not much left' is fine but mid-frequency (40, judged 3).	
tema-o-kakeru	people	tema o kakeru	take trouble, put in effort	40	0.28	3	cut	less-common	Real (40 hits, judged 3) but less frequent than the kept kakeru sets.	Effort is 'hung' (kakeru), not taken (toru).
kai-o-hiraku	people	kai o hiraku	hold a gathering	40	0.07	2	cut	less-common	Formal 'hold a gathering' (judged 2).	Events are 'opened' (hiraku), not held (motsu).
raito-o-tsukeru	home	raito o tsukeru	turn on the light	40	0.14	3	cut	covered	Same as denki o tsukeru; denki is the usual word for the room light.	Lights and devices take tsukeru, not mawasu or ireru.
hima-ga-aru	time-money	hima ga aru	have free time	40	0.10	4	cut	covered	'Are you free?' is already covered by jikan ga aku (aiteru?).	Not hima o motsu: free time 'exists' (ga aru).
denki-o-kesu	home	denki o kesu	turn off the light	39	0.16	5	KEPT c-denki-o-kesu			Not denki o tomeru or shimeru: lights, TVs and heaters go off with kesu (put out).
ana-ga-aku	clothes	ana ga aku	get a hole (in something)	39	0.03	3	cut	less-common	Said about holey socks or clothes (ana aiteru), but not often (39 hits, judged 3).	English has no verb to translate: a hole 'opens' (ana ga aku). Making one is ana o akeru.
baka-ni-suru	people	baka ni suru	make fun of, look down on	39	0.04	4	cut	maybe	Common (judged 4): baka ni shinaide, 'don't make fun of me'; no kept set says it.	Not warau or anything with tsukuru: 'make fun of' is baka ni suru, literally 'treat as a fool'.
miryoku-ga-aru	describing	miryoku ga aru	be attractive, have charm	39	0.25	3	cut	less-common	Means 'be attractive, have charm'. Real, but in talk people more often say miryokuteki or just kakkoii / kawaii.	English 'attractive' is an adjective; Japanese says the person has charm.
negai-ga-kanau	senses	negai ga kanau	a wish comes true	39	0.19	3	cut	less-common	'A wish comes true' comes up less than yume ga kanau, which itself missed the list.	'Come true' is the single verb kanau, not hontou ni naru.
suitchi-o-kiru	home	suitchi o kiru	turn off the switch	39	0.17	3	cut	covered	Same kiru as dengen o kiru for cutting the power.	Switches and power are cut (kiru), not erased (kesu) like lights.
you-ga-sumu	people	you ga sumu	be done with one's errand	39	0.09	3	cut	less-common	Real (39 hits, judged 3); the kept youji ga aru is the more common side.	'Finish' suggests owaru; for errands and business Japanese says you ga sumu.
bangumi-o-miru	media	bangumi o miru	watch a TV program	39	0.20	4	cut	covered	Watching a programme is the kept terebi o miru with a different noun. In speech people just name the show.	
chuudoku-ni-naru	body	chuudoku ni naru	get addicted	39	0.45	3	cut	less-common	Real 'get addicted', but casual speech prefers hamaru, as in geemu ni hamaru, which is on the list.	Chuudoku also means poisoning; addiction to games etc. uses ni naru.
ii-kaori	senses	ii kaori	nice smell, fragrance	39	0.24	4	cut	covered	Means much the same as the kept ii nioi; kaori just makes the smell sound nicer.	Kaori is for pleasant scents; nioi is neutral, kusai is bad.
ii-omoide	people	ii omoide	good memories	39	0.13	4	cut	less-common	Real (judged 4), but ii goes with many nouns; no film count to back it.	
kusuri-ga-kiku	body	kusuri ga kiku	medicine works	38	0.04	3	cut	less-common	'Did the medicine work?' is a real question, but said less than kusuri o nomu (38 hits).	Not kusuri ga hataraku: medicine 'takes effect', kusuri ga kiku, a homophone of kiku 'listen'.
seki-o-toru	travel	seki o toru	save / hold a seat	38	0.06	3	cut	less-common	Real (saving someone a seat), but it comes up less often (38 hits, judged 3).	Not seki o mamoru or tameru: saving a seat is 'taking' it, seki o toru. Totte oku means keeping it for later.
tegami-o-dasu	media	tegami o dasu	post (send) a letter	38	0.05	2	cut	less-common	Posting a letter is rare now (38, judged 2), though worth knowing for New Year's cards.	Okuru isn't the default here: posting a letter or card is tegami o dasu ('put it out'); the same goes for nengajou.
kagi-o-akeru	home	kagi o akeru	unlock (the door)	38	0.03	3	cut	less-common	Real (38 hits) but said less than kagi o kakeru, and akeru is guessable from doa o akeru.	English 'unlock' is one verb; Japanese 'opens the key', kagi o akeru, the opposite of kagi o kakeru.
hanashi-ga-au	people	hanashi ga au	have things to talk about, click in conversation	38	0.00	3	cut	less-common	Real (38 hits, judged 3) but less frequent; sits close to the idiom ki ga au.	Here au means 'fit', not 'meet'. People whose conversation fits are hanashi ga au; ki ga au is the separate idiom.
hone-o-oru	body	hone o oru	break a bone	38	0.10	3	cut	less-common	Breaking a bone is uncommon to talk about, and the phrase also has a figurative sense ('take pains').	Bones snap (oru), not break like objects (kowasu); also means take pains.
sokudo-o-ageru	travel	sokudo o ageru	speed up	38	0.14	2	cut	narrow	Driving or technical talk, and sokudo is a formal word (judged 2).	
wakare-o-iu	people	wakare o iu	say goodbye	38	0.26	3	cut	less-common	Plain version of owakare o iu (38 hits); same verdict.	Not sayonara o iu; people say (o)wakare o iu.
dengon-o-kiku	people	dengon o kiku	get the message	38	0.14	2	cut	less-common	Passed-on messages (38 hits, judged 2) are a narrower situation.	'Get a message' is not morau here; a passed-on message is heard (kiku).
risuku-o-ou	work-school	risuku o ou	take a risk	38	0.11	2	cut	less-common	Formal and business-like. It's rare in casual speech.	'Take' tempts toru; risks are usually borne (ou), though risuku o toru exists.
hitome-miru	senses	hitome miru	take one look	38	0.44	3	cut	less-common	Mostly the romantic 'just to see them once' line; only 38 hits.	
mizu-o-yaru	home	mizu o yaru	water the plants	37	0.03	3	cut	narrow	Only for watering plants (or giving an animal water).	English 'water' is a verb; Japanese 'gives' water, (hana ni) mizu o yaru, or politely ageru.
gitaa-o-hiku	hobbies	gitaa o hiku	play the guitar	37	0.44	3	cut	covered	Guitar takes hiku, the same verb as the kept piano o hiku. Once you know that one, you know this.	Not gitaa o suru: guitar takes hiku like the piano (gitaa hikeru? = can you play guitar?).
shokuyoku-ga-nai	body	shokuyoku ga nai	have no appetite	37	0.34	3	cut	less-common	'No appetite' is real but occasional. People more often say onaka suitenai.	Not shokuyoku o motte inai: an appetite ga aru or ga nai.
konkyo-ga-nai	describing	konkyo ga nai	no grounds, baseless	37	0.28	3	cut	less-common	Means 'baseless, no grounds'. It sounds like an argument or courtroom and isn't an everyday description (judged 3).	
jimu-ni-iku	hobbies	jimu ni iku	go to the gym	37	0.13	3	cut	less-common	Common enough among gym-goers (rated 3, 37 hits), but it's just place + ni iku, and other kept sets already show that pattern.	
ii-inshou	describing	ii inshou	good impression	37	0.18	3	cut	less-common	Means 'a good impression'. Real, but said less than the kept sets (37 in films, judged 3).	'Make a good impression' is ii inshou o ataeru, not tsukuru.
shousetsu-o-kaku	hobbies	shousetsu o kaku	write a novel	37	0.33	2	cut	narrow	Only comes up when talking about writers or creative writing (rated 2).	
ii-deki	describing	ii deki	well made, a good result	37	0.49	3	cut	less-common	Means 'well made, a good result'. Real, but more of a set phrase for judging work than an everyday description.	
warui-yokan	senses	warui yokan	a bad feeling about it	37	0.18	3	cut	film	The 'bad feeling about this' movie line again, as with iya na yokan ga suru.	'I have a bad feeling' is warui yokan ga suru, not motsu.
chansu-o-nogasu	work-school	chansu o nogasu	miss a chance	37	0.03	3	cut	less-common	Real, but only moderately common. Count 37.	'Miss' is not sabishii or noriokureru; chances are let slip (nogasu).
baggu-o-motsu	clothes	baggu o motsu	carry a bag	37	0.11	3	cut	not-a-collocation	motsu (hold, carry) goes with any object, so this is just an ordinary combination.	'Carry' tempts hakobu; carrying a bag is motsu.
kikkake-ni-naru	people	kikkake ni naru	be what got it started	37	0.47	3	cut	less-common	Real (judged 3) but less frequent.	English uses a verb (trigger, start); Japanese says X becomes the kikkake.
denki-o-tsukeru	home	denki o tsukeru	turn on the light	36	0.15	5	KEPT c-denki-o-tsukeru			Not denki o mawasu or akeru: lights are tsukeru'd, and denki here means the light itself.
toraburu-o-okosu	people	toraburu o okosu	cause trouble	36	0.11	3	cut	film	'Cause trouble' in the plot sense.	'Make trouble' is not tsukuru; trouble is raised (okosu).
yaruki-ga-aru	describing	yaruki ga aru	be motivated	36	0.19	4	cut	covered	Already covered: the kept yaruki ga nai teaches the same noun, and you just swap nai for aru.	English 'motivated' is an adjective; Japanese has (or lacks) yaruki.
kyoku-o-kaku	hobbies	kyoku o kaku	write a song	36	0.08	2	cut	narrow	Mostly said by or about songwriters and musicians (rated 2).	
wadai-ni-naru	media	wadai ni naru	become the talk of the town	36	0.18	3	cut	less-common	A real set (36), but more at home in the news and on TV than in casual talk.	English passive 'be talked about' becomes X ga wadai ni naru.
kaze-ga-fuku	weather	kaze ga fuku	the wind blows	36	0.06	3	KEPT c-kaze-ga-fuku			Easy to guess once fuku is known. The risk is the homophones: kaze means wind or a cold, and fuku means blow or wipe. Keep it apart from kaze o hiku (catch a cold).
jikan-o-tsubusu	time-money	jikan o tsubusu	kill time	35	0.00	3	cut	less-common	A fun trap ('crush' time, not kill it), but it's said less often (35, judged 3).	Not jikan o korosu: killing time is tsubusu, 'crush' (kafe de jikan tsubushiteta).
chiimu-ni-hairu	hobbies	chiimu ni hairu	join a team	35	0.04	3	cut	less-common	Rated 3 (35 hits). Everyday speech says bukatsu ni hairu or saakuru ni hairu more often.	Not chiimu o sanka suru: you 'enter' a team, club or circle with ni hairu (saakuru ni haitta).
ude-o-tsukamu	body	ude o tsukamu	grab someone's arm	35	0.04	2	cut	film	Grabbing someone's arm is something that happens in film scenes.	
oosawagi-ni-naru	people	oosawagi ni naru	turn into a big fuss	35	0.32	3	cut	less-common	Real (35 hits, judged 3) but less frequent.	English 'cause a fuss' makes learners want a transitive verb; Japanese says the situation becomes a fuss.
honne-o-iu	people	honne o iu	say what you really think	35	0.42	4	cut	maybe	Very Japanese, everyday set (judged 4; films under-count it): honne itte yo, say what you really think.	English 'be honest' points to shoujiki; for speaking your true feelings people say honne o iu.
mizu-o-kumu	home	mizu o kumu	draw water, fetch water	35	0.02	2	cut	less-common	Native rating only 2/5; mostly wells, buckets and fetching water.	English 'get water' suggests toru or morau; scooping water up from a source or tap into a container is kumu.
zenin-sorou	people	zenin sorou	everyone is here	35	0.03	4	cut	less-common	Real (35 hits) but tied to group gatherings.	English 'everyone is here' leads to zenin iru; for a group that has all gathered people say zenin sorotta.
inshou-o-ataeru	describing	inshou o ataeru	give an impression	35	0.17	2	cut	less-common	Means 'give an impression' and sounds formal or written. It's rare in casual talk (judged 2).	English 'give' suggests ageru; with impressions Japanese uses ataeru.
kaidan-o-agaru	home	kaidan o agaru	go up the stairs	35	0.09	4	cut	less-common	Same idea as kaidan o noboru; stairs rarely come up in talk (35 hits).	The stairs take o (the path you move along), not ni.
konagona-ni-naru	describing	konagona ni naru	shatter into pieces	35	0.30	3	cut	less-common	Means 'shatter to pieces'. Real, but only for the moment something breaks, and uncommon overall.	English 'shatter' has no single verb here; Japanese says it becomes pieces.
ana-o-fusagu	home	ana o fusagu	plug a hole	35	0.03	2	cut	less-common	Native rating only 2/5; holes and gaps rarely come up.	English 'close' suggests shimeru; holes and gaps are blocked with fusagu.
ii-hibiki	senses	ii hibiki	has a nice ring to it	35	0.47	3	cut	narrow	Only for how a name or word sounds ('it has a nice ring to it').	English 'sounds good' leads to yosasou; for how a name or word sounds people say ii hibiki.
iji-ga-warui	describing	iji ga warui	mean, spiteful	35	0.43	3	cut	less-common	Means 'mean, spiteful'. Real, but people more often say the one-word ijiwaru.	English 'mean' has no direct adjective; Japanese says the disposition is bad (also ijiwaru).
ouen-ni-kuru	people	ouen ni kuru	come to cheer someone on	35	0.10	3	cut	narrow	Only for coming to cheer at a match or show.	English 'come and cheer' leads to kite ouen suru; Japanese puts the purpose noun with ni kuru.
iken-ga-au	people	iken ga au	agree, see eye to eye	35	0.06	3	cut	less-common	Real (35 hits, judged 3) but less frequent.	English 'agree' points to sansei suru; for two people sharing views Japanese says opinions match.
hiza-o-tsuku	body	hiza o tsuku	kneel down	35	0.11	2	cut	less-common	Kneeling rarely comes up in conversation (judged 2/5).	English 'kneel' has no single verb; Japanese puts the knee down with tsuku.
kangaegoto-o-suru	senses	kangaegoto o suru	be lost in thought	35	0.69	4	cut	less-common	Natural (kangaegoto shiteta, 'I was lost in thought') but plain kangaete ta covers most of the same ground.	English 'I was thinking' leads to kangaete ita; for being absorbed in your thoughts people say kangaegoto shiteta.
onaka-ga-itai	body	onaka ga itai	have a stomachache	34	0.05	5	KEPT c-onaka-ga-itai			Dictionaries give i for 'stomach', but an everyday tummy ache is onaka ga itai, not i ga itai.
okane-o-kaesu	time-money	okane o kaesu	pay back money	34	0.02	3	cut	less-common	Real ('I'll pay you back') but mid-frequency (34, judged 3).	Not okane o harau: paying back a loan is kaesu, 'give back' (ashita kaesu ne).
hoken-ni-hairu	time-money	hoken ni hairu	take out insurance	34	0.21	3	cut	narrow	Only comes up when talking about insurance.	English 'buy/get insurance' leads to kau; Japanese enters insurance with ni hairu.
hiyou-ga-kakaru	time-money	hiyou ga kakaru	cost money, be expensive	34	0.35	3	cut	covered	A more formal okane ga kakaru with the same verb.	English 'it costs' has the thing as subject; Japanese makes the expense the subject with ga kakaru.
ketsuron-ga-deru	work-school	ketsuron ga deru	a conclusion is reached	34	0.13	3	cut	less-common	Meeting talk. It's moderately rare in daily life.	English 'reach a conclusion' suggests tsuku; Japanese says the conclusion comes out (ga deru, or o dasu).
suimin-o-toru	body	suimin o toru	get some sleep	34	0.40	3	cut	less-common	Suimin is a formal word. In speech people say yoku neru or nemuru.	English 'get sleep' suggests eru or morau; Japanese takes sleep with toru.
kubetsu-ga-tsuku	senses	kubetsu ga tsuku	can tell them apart	34	0.27	3	cut	less-common	Means much the same as chigai ga wakaru and is said less (34 hits).	English 'tell apart' is something you do; Japanese says the distinction attaches (ga tsuku), mostly in the negative.
beru-o-narasu	home	beru o narasu	ring the bell	34	0.17	2	cut	less-common	Native rating only 2/5 in everyday life.	Transitive narasu for ringing it yourself; naru is the bell ringing on its own.
tetsudai-ni-kuru	people	tetsudai ni kuru	come to help	34	0.18	3	cut	less-common	Real (34 hits, judged 3) but said less than the kept ni iku sets.	
igokochi-ga-warui	senses	igokochi ga warui	feel uncomfortable, awkward	34	0.40	4	cut	covered	Just the negative of the kept igokochi ga ii; swap ii for warui.	English 'uncomfortable' points to physical discomfort; for an awkward place or situation it's igokochi ga warui.
supiido-o-ageru	travel	supiido o ageru	speed up	34	0.13	3	cut	narrow	Mostly for driving, running or picking up the pace of work.	
sofaa-de-neru	home	sofaa de neru	sleep on the sofa	34	0.24	3	cut	not-a-collocation	Free combination: any place + de neru.	English 'on the sofa' leads to no ue ni; the place of sleeping takes de.
atama-o-butsukeru	body	atama o butsukeru	bump / hit one's head	33	0.01	3	cut	less-common	The everyday way to say you bumped your head, but it doesn't come up often (33 hits).	Not atama o tataku (that's hitting on purpose): banging your head into something is butsukeru, as in tana ni atama butsuketa.
tsugou-ga-tsuku	time-money	tsugou ga tsuku	can make it, can fit it in	33	0.10	3	cut	less-common	Useful for scheduling but said less than tsugou ga ii / warui (33).	Not tsugou ga dekiru: an arrangement 'attaches' (tsuku). Example: tsugou tsuitara renraku shite.
hitode-ga-tarinai	work-school	hitode ga tarinai	be short-handed	33	0.43	3	cut	less-common	A real workplace complaint, but people say it less often than the kept work sets.	English 'short-staffed' has no direct word; Japanese says hands are not enough.
honnin-ni-kiku	people	honnin ni kiku	ask the person directly	33	0.25	3	cut	not-a-collocation	Free combination: honnin ni plus any verb.	The person you ask takes ni, not o (honnin ni kiku), and kiku is also 'listen'.
bideo-o-toru	media	bideo o toru	take a video	33	0.10	3	cut	covered	Same toru as the kept shashin o toru. Once you know that, filming a video comes free.	
chiimu-o-kumu	work-school	chiimu o kumu	form a team, team up	33	0.03	3	cut	less-common	Real ('team up'), but it comes up only occasionally.	English 'form/make a team' leads to tsukuru; teams and pairs are put together with kumu.
kyuuryou-o-harau	time-money	kyuuryou o harau	pay wages	33	0.18	3	cut	narrow	Seen from the employer's side, so it rarely comes up in a learner's life.	
aoi-sora	weather	aoi sora	blue sky	33	0.04	4	cut	less-common	Mostly a song-lyric and narration phrase. When people chat about the weather they say ii tenki, or use the single word aozora.	
chuukoku-o-kiku	people	chuukoku o kiku	take someone's advice	33	0.14	2	cut	less-common	Formal-leaning (judged 2).	English 'take advice' leads to toru; Japanese listens to advice with kiku.
keiken-o-tsumu	work-school	keiken o tsumu	gain experience	33	0.03	3	cut	less-common	Somewhat formal, mostly heard in career talk.	'Gain' is not eru here; experience is piled up (tsumu).
shatsu-o-nugu	clothes	shatsu o nugu	take off a shirt	33	0.09	3	cut	covered	Every garment comes off with nugu. fuku o nugu says the same.	'Take off' clothes is nugu, not toru.
oshirase-ga-aru	work-school	oshirase ga aru	have an announcement	33	0.66	3	cut	less-common	Real, but mostly an announcer's or teacher's line.	English 'I have news' pushes toward motsu; Japanese says oshirase ga aru.
keiyaku-o-musubu	work-school	keiyaku o musubu	sign a contract	33	0.07	3	cut	narrow	Contracts only. Business and plot language.	'Sign' a contract is musubu 'tie', not sain suru.
ronbun-o-kaku	work-school	ronbun o kaku	write a paper / thesis	33	0.40	3	cut	narrow	University and academic life only.	
youshi-ni-suru	people	youshi ni suru	adopt a child	33	0.44	2	cut	narrow	Adoption only (judged 2).	'Adopt' has no single verb; you make the child your youshi (youshi ni suru).
kisoku-o-mamoru	work-school	kisoku o mamoru	follow the rules	33	0.08	3	cut	less-common	The stiffer twin of ruuru o mamoru, and said less often than the kept sets.	'Follow' rules is mamoru 'protect/keep', not a verb of following.
retsu-ni-narabu	travel	retsu ni narabu	stand in line	33	0.20	4	cut	less-common	People usually leave out retsu and just say naranderu.	'Stand in line' is just narabu; no tatsu.
suteeji-ni-agaru	hobbies	suteeji ni agaru	go up on stage	33	0.20	2	cut	narrow	Only for performers going on stage (rated 2).	Going on stage is agaru 'go up', not iku.
koucha-o-nomu	food	koucha o nomu	drink (black) tea	33	0.34	3	cut	covered	Same tea + nomu set as ocha o nomu. Only the kind of tea changes.	English 'tea' usually means koucha; ocha means green tea by default in Japan.
denwa-ga-tsunagaru	media	denwa ga tsunagaru	get through (on the phone), reach someone	32	0.00	3	cut	less-common	"Denwa tsunagaranai" ("I can't get through") is handy, but it is said less than the kept phone sets (32).	'I can't reach him' isn't todokanai or aenai: it's denwa ga tsunagaranai.
okane-o-dasu	time-money	okane o dasu	pay, chip in	32	0.02	4	cut	covered	'I'll pay' is close enough to okane o harau, though 'watashi ga dasu yo' is a nice extra.	Not only harau: offering to pay or chip in is watashi ga dasu yo ('I'll put the money out').
tokei-o-miru	time-money	tokei o miru	look at the clock / watch	32	0.10	4	cut	not-a-collocation	Just miru with an object, a free combination.	
daigaku-ni-kayou	work-school	daigaku ni kayou	attend university	32	0.07	3	cut	covered	Same idea as gakkou ni iku / kayou. Casual talk says daigaku itteru.	Regular attendance is kayou; iku sounds like a single trip.
shumi-ga-ii	describing	shumi ga ii	have good taste	32	0.19	3	cut	covered	Already covered: the kept sensu ga ii says 'have good taste', and people use it more.	'Good taste' is shumi (also 'hobby') ga ii, not aji, which is flavour.
detarame-o-iu	people	detarame o iu	talk nonsense / lie	32	0.54	3	cut	covered	The kept uso o tsuku covers lying; detarame is a rarer cousin.	
apo-o-toru	work-school	apo o toru	make an appointment	32	0.70	3	cut	narrow	Business appointments only.	'Make' an appointment is toru 'take', not tsukuru.
mado-o-shimeru	home	mado o shimeru	close the window	32	0.05	5	KEPT c-mado-o-shimeru			You close it with shimeru; shimaru is the window closing by itself.
gan-ni-naru	body	gan ni naru	get cancer	32	0.10	3	cut	narrow	Only for talking about cancer.	'Get' cancer is naru 'become', not motsu or toru.
yuushoku-ni-sasou	people	yuushoku ni sasou	invite someone to dinner	32	0.07	2	cut	less-common	Formal-leaning (judged 2); casual talk says gohan ni ikou.	'Ask' someone to dinner is sasou with ni, not kiku.
seiseki-ga-ii	work-school	seiseki ga ii	get good grades	32	0.30	4	cut	maybe	Students and parents say it all the time (seiseki ii ne). It's the school version of the kept atama ga ii.	
panikku-o-okosu	senses	panikku o okosu	panic / have a panic attack	32	0.17	2	cut	less-common	Mostly for a panic attack (judged 2); panikku ni naru is the everyday one.	'Panic' as a verb is panikku o okosu or panikku ni naru, not panikku suru.
uri-ni-dasu	time-money	uri ni dasu	put up for sale	32	0.46	2	cut	narrow	Only used for putting things up for sale, and rare in talk (judged 2).	'Put up for sale' is uri ni dasu 'put out to selling', not just uru.
shoujou-ga-deru	body	shoujou ga deru	have / show symptoms	32	0.23	3	cut	less-common	'Symptoms appear' is medical and news language more than chat.	'Have symptoms' is shoujou ga deru 'come out', not motsu.
gohan-ni-iku	food	gohan ni iku	go out to eat	32	0.22	5	KEPT c-gohan-ni-iku			'Go out for dinner' is just gohan (ni) iku; no taberu needed.
ii-fun-iki	describing	ii fun'iki	nice atmosphere / vibe	32	0.23	4	cut	maybe	People say 'fun'iki ii ne' all the time about cafes, places and couples (judged 4). Films undercount it.	
funbetsu-ga-aru	describing	funbetsu ga aru	be sensible	32	0.46	2	cut	less-common	Means 'be sensible' and sounds bookish. It's rare in casual talk (judged 2).	
kaze-ga-tsuyoi	weather	kaze ga tsuyoi	it's windy	31	0.05	4	KEPT c-kaze-ga-tsuyoi			English 'windy' is one adjective. Japanese says the wind is strong: kaze ga tsuyoi, not kaze ga ooi.
terebi-o-tsukeru	home	terebi o tsukeru	turn on the TV	31	0.06	4	cut	covered	Same tsukeru as denki o tsukeru; it carries straight over to the TV.	Not terebi o akeru or on ni suru: screens, like lights, are tsukeru'd, and off is kesu.
ato-ga-nokoru	body	ato ga nokoru	leave a mark / scar	31	0.10	3	cut	less-common	Talking about a mark or scar left behind is occasional.	
kurashi-o-suru	home	kurashi o suru	live a (certain) life	31	0.19	2	cut	less-common	Native rating only 2/5, and it needs a describing word in front.	'Live a ... life' is ~na kurashi o suru, not ikiru.
ashi-ga-itai	body	ashi ga itai	my feet / legs hurt	31	0.02	4	cut	covered	Same 'X ga itai' pattern as atama ga itai on the list. Just swap in ashi.	ashi covers both foot and leg; 'my feet hurt' is still ashi ga itai.
tatuu-o-ireru	body	tatuu o ireru	get a tattoo	31	0.18	2	cut	narrow	Only for talking about tattoos.	'Get' a tattoo is ireru 'put in', not morau or suru.
akachan-ga-umareru	people	akachan ga umareru	have a baby (baby is born)	31	0.06	4	cut	less-common	Variant of kodomo ga umareru with akachan (31 hits); ask back together if you want either.	'Have a baby' is akachan ga umareru 'is born', not motsu.
byouki-o-naosu	body	byouki o naosu	cure an illness / get well	31	0.06	3	cut	less-common	Curing an illness comes up less than byouki ni naru, and people usually say naotta.	naosu is curing it; 'I got better' is byouki ga naotta.
raito-o-kesu	home	raito o kesu	turn off the light	31	0.11	3	cut	covered	Same as denki o kesu; denki is the usual word for the room light.	'Turn off' a light is kesu 'erase/put out', not ofu ni suru.
dokyou-ga-aru	describing	dokyou ga aru	have guts / nerve	31	0.35	3	cut	less-common	Means 'have guts, have nerve'. Real, but said less than the kept sets (31 in films, judged 3).	
kyori-ga-aru	travel	kyori ga aru	be quite far	31	0.08	3	cut	less-common	Real, but people more often just say tooi (judged 3).	
seki-o-suru	body	seki o suru	cough	31	0.61	4	cut	less-common	Means the same as seki ga deru. Ask for seki ga deru first, since that's the usual way to say you have a cough.	seki is a noun; to cough is seki o suru (or seki ga deru).
fuhei-o-iu	people	fuhei o iu	complain	31	0.74	2	cut	covered	Same as the kept monku o iu, more formal.	
seika-o-ageru	work-school	seika o ageru	achieve results	31	0.20	2	cut	less-common	Formal and business-report language.	'Achieve' results is ageru 'raise', not eru or tsukuru.
tachi-ga-warui	describing	tachi ga warui	nasty, vicious	31	0.46	3	cut	less-common	Means 'nasty, vicious' (a person, a cold, a prank). Real, but said less than the kept sets (judged 3).	Read tachi here; shitsu ga warui means poor quality.
hoteru-ni-tomaru	travel	hoteru ni tomaru	stay at a hotel	30	0.06	4	cut	maybe	The standard way to say where you're staying on a trip, and it teaches tomaru for staying the night; 30 hits, judged 4.	Not hoteru ni iru or sutei suru: staying the night is tomaru, the same sound as a car stopping.
piano-o-hiku	hobbies	piano o hiku	play the piano	30	0.25	4	KEPT c-piano-o-hiku			Not piano o suru or asobu: keyboard and string instruments take hiku (piano hiiteru).
denwa-ga-kakaru	media	denwa ga kakaru	get a phone call	30	0.00	4	KEPT c-denwa-ga-kakaru			Not denwa o morau: an incoming call 'hangs' on you (denwa ga kakatte kuru). It is the intransitive of denwa o kakeru.
shigoto-ga-hairu	work-school	shigoto ga hairu	work comes up	30	0.00	4	cut	maybe	The everyday excuse 'something came up at work' (shigoto haitchatta), and the verb is a trap. It pairs with the kept yotei ga hairu.	'Something came up at work' is shigoto ga haitchatta (work 'entered' the schedule), not okiru or kuru.
denwa-ga-kakatte-kuru	media	denwa ga kakatte kuru	get a phone call	30	0.00	4	cut	covered	Just the kept denwa ga kakaru with kuru added ("a call came in").	Not denwa o morau: a call comes in, so it's denwa ga kakatte kita (casually just denwa kita).
poketto-ni-ireru	clothes	poketto ni ireru	put in one's pocket	30	0.16	3	cut	not-a-collocation	ireru (put in) works with any container, so this is an ordinary combination, not a set.	
gimon-o-idaku	senses	gimon o idaku	have doubts	30	0.07	2	cut	less-common	Bookish (judged 2); in speech people say gimon ga aru or 'naze?'	
dorobou-ga-hairu	home	dorobou ga hairu	a burglar breaks in	30	0.18	3	cut	film	Break-ins are over-counted by crime films; rare in everyday talk.	"Break in" is not kowasu; a burglar simply 'enters' (hairu), and dorobou ni hairareta = we got burgled.
kaban-o-motsu	clothes	kaban o motsu	carry a bag	30	0.14	3	cut	not-a-collocation	motsu (hold, carry) goes with anything, so there's no special pairing to learn here.	
sa-ga-aru	describing	sa ga aru	there's a difference	30	0.31	2	cut	less-common	Means 'there's a difference' and sounds a bit formal. In talk people say chigai ga aru or just zenzen chigau.	
zutsuu-ga-hidoi	body	zutsuu ga hidoi	have a bad headache	30	0.18	3	cut	covered	A bad headache is just atama ga itai (plus sugoku). Zutsuu sounds bookish.	"Have a headache" is not motsu; the headache is the subject: zutsuu ga hidoi / zutsuu ga suru.
konjou-ga-aru	describing	konjou ga aru	have guts	30	0.30	3	cut	less-common	Means 'have guts, grit'. Real, but said less than the kept sets (30 in films, judged 3).	
supiikaa-ni-suru	media	supiikaa ni suru	put on speakerphone	30	0.53	3	cut	narrow	Only for switching a call to speaker, and it uses the general X ni suru pattern.	"Put on" is not kiru or tsukeru; switching a call mode is X ni suru.
ishou-o-kiru	clothes	ishou o kiru	wear a costume	30	0.21	2	cut	covered	Costumes take kiru like any clothes. It's also rare in everyday life (judged 2).	
sensu-ga-nai	describing	sensu ga nai	have no taste or flair	30	0.28	4	cut	covered	Already covered: the kept sensu ga ii teaches it, and you just swap ii for nai.	
mimi-o-fusagu	body	mimi o fusagu	cover your ears	30	0.03	3	cut	less-common	Covering your ears comes up only now and then (30 hits).	"Cover" is not kabuseru or oou; ears are blocked: fusagu.
masuku-o-hazusu	clothes	masuku o hazusu	take off a mask	30	0.08	4	KEPT c-masuku-o-hazusu			"Take off" is not nugu; masks, glasses and accessories are hazusu.
memo-o-nokosu	home	memo o nokosu	leave a note	30	0.12	3	cut	less-common	Real (30 hits) but said less than the kept sets.	"Leave" is not deru or oite iku; a note left for someone is nokosu.
ayamari-o-okasu	work-school	ayamari o okasu	make an error	30	0.27	2	cut	less-common	Formal. Speech uses machigaeru.	"Make" is not tsukuru; errors are okasu (casually just machigaeru).
yosou-ga-tsuku	senses	yosou ga tsuku	be able to predict	30	0.08	3	cut	less-common	Mostly yosou ga tsukanai ('can't tell what'll happen'); said less than the kept sets.	No dekiru needed; mostly heard negative: yosou ga tsukanai = can't tell what will happen.
kioku-ga-yomigaeru	senses	kioku ga yomigaeru	memories come back	30	0.03	2	cut	film	'Memories come flooding back' is plot narration (amnesia, flashbacks), judged 2.	"Come back" is not kaeru or modoru; memories revive: yomigaeru.
yoyaku-o-toru	time-money	yoyaku o toru	get a reservation	29	0.08	3	cut	less-common	Plain yoyaku suru is the more usual way to say it (29).	Not yoyaku o tsukuru: you 'take' a booking (yoyaku toreta? = did you get one?). Plain yoyaku suru also works.
shou-o-toru	hobbies	shou o toru	win a prize	29	0.22	3	cut	less-common	Real (rated 3, 29 hits), but winning prizes comes up much less than winning matches.	"Win" is not katsu; prizes are taken: shou o toru (or morau).
shitashii-yuujin	people	shitashii yuujin	a close friend	29	0.02	2	cut	less-common	Written style (judged 2); people say naka ii tomodachi.	"Close" is not chikai (physically near); close friends are shitashii.
zenrei-ga-nai	work-school	zenrei ga nai	there's no precedent	29	0.52	2	cut	less-common	Bureaucratic and news language. It's rare in conversation.	
shinbun-ni-noru	media	shinbun ni noru	appear in the newspaper	29	0.10	3	cut	narrow	Being printed in the paper is a rare event (29), not an everyday topic.	"Appear" is not arawareru; being printed is noru (載る).
aiso-ga-ii	describing	aiso ga ii	friendly, pleasant	29	0.40	3	cut	covered	Already covered: the kept kanji ga ii also describes a pleasant, friendly manner.	
tsumetai-mizu	food	tsumetai mizu	cold water	29	0.02	4	cut	not-a-collocation	Tsumetai goes with any cold drink or object, and only 2% of mizu talk uses it. It is a vocabulary point, not a fixed set.	"Cold" is not samui (weather); cold to the touch or drink is tsumetai.
ketten-ga-aru	describing	ketten ga aru	have a flaw	29	0.41	2	cut	less-common	Means 'have a flaw' and sounds formal. It's uncommon in casual talk (judged 2).	
jugyou-o-ukeru	work-school	jugyou o ukeru	take a class	29	0.12	4	cut	less-common	Real, but students more often say jugyou ni deru or jugyou aru.	"Take" is not toru here; attending a class is ukeru (toru means signing up).
kyori-o-tamotsu	people	kyori o tamotsu	keep your distance	29	0.08	2	cut	less-common	Formal (judged 2).	"Keep" is not motsu; distance is maintained: tamotsu (or kyori o oku).
taigaku-ni-naru	work-school	taigaku ni naru	get expelled from school	29	0.26	2	cut	film	School-drama plot material. It rarely comes up in real life.	No passive verb needed; being expelled is taigaku ni naru.
yakume-o-hatasu	work-school	yakume o hatasu	do your part	29	0.26	2	cut	less-common	Formal. It's rare in speech.	
enjin-o-kiru	travel	enjin o kiru	turn off the engine	29	0.09	3	cut	narrow	Only used when driving.	"Turn off" pulls toward kesu (lights); engines are kiru.
taiyou-ga-noboru	weather	taiyou ga noboru	the sun rises	29	0.10	3	cut	less-common	A more formal, textbook way to say hi ga noboru (29 hits), and that one wasn't kept either.	"Rise" pulls toward agaru; the sun noboru (casually hi ga noboru).
kizuato-ga-aru	body	kizuato ga aru	have a scar	29	0.28	2	cut	less-common	Talking about scars is uncommon (judged 2/5).	"Have" is not motsu; body marks use ga aru.
yaruki-ga-nai	describing	yaruki ga nai	have no motivation	29	0.15	5	KEPT c-yaruki-ga-nai			
hossa-ga-okiru	body	hossa ga okiru	have a seizure or attack	29	0.14	2	cut	film	Seizures and attacks are medical-drama plot points.	"Have" is not motsu; the attack itself occurs: hossa ga okiru.
beruto-o-hazusu	clothes	beruto o hazusu	undo your belt	29	0.11	3	cut	less-common	Undoing a belt is said less often than the kept sets (29 hits).	"Take off" is not nugu; belts and seatbelts are hazusu.
sagashimono-ga-mitsukaru	home	sagashimono ga mitsukaru	find what you were looking for	29	0.50	3	cut	not-a-collocation	Free combination: anything + ga mitsukaru; the only point is the verb mitsukaru.	"Find" pulls toward mitsukeru; here the thing is the subject of intransitive mitsukaru.
hone-ga-oreru	body	hone ga oreru	break a bone	28	0.08	3	cut	less-common	Breaking a bone is uncommon to talk about (28 hits). This is the natural 'it broke' form if you want one.	Not hone ga kowareru: bones, sticks and umbrellas 'snap' (oreru). Kowareru is for machines.
baransu-o-toru	body	baransu o toru	keep your balance	28	0.21	3	cut	less-common	Real 'keep your balance', but occasional (judged 3/5).	"Keep" is not motsu; balance is toru.
tegami-ga-todoku	media	tegami ga todoku	a letter arrives	28	0.04	3	cut	less-common	Todoku for mail is good to know, but letters arriving is not a daily topic now (28).	"Arrive" pulls toward tsuku; mail and parcels todoku.
doraibu-ni-iku	travel	doraibu ni iku	go for a drive	28	0.09	4	cut	less-common	A real set for going on a leisure drive, but said less than ryokou ni iku (28 hits).	Doraibu means a leisure drive, not driving itself (unten suru).
nimotsu-o-hakobu	travel	nimotsu o hakobu	carry luggage	28	0.05	4	cut	less-common	Real (moving things from place to place), but nimotsu o motsu is the more everyday 'carry' set.	Moving things from place to place is hakobu; motsu only means holding.
handan-o-kudasu	work-school	handan o kudasu	make a judgment	28	0.03	2	cut	less-common	Formal and dramatic. It's rare in speech.	English 'make' leads to tsukuru; judgments are handed down with kudasu.
choushoku-o-toru	food	choushoku o toru	have breakfast	28	0.12	2	cut	less-common	Formal hotel wording (judged 2/5). In speech it is asagohan tabeta.	'Have' a meal is not motsu; it is toru or taberu.
yama-o-oriru	hobbies	yama o oriru	go down a mountain	28	0.06	2	cut	less-common	Rated uncommon (2), with no film hits. Coming down a mountain is talked about less than climbing it.	The path you go down takes o, not kara.
egao-o-miseru	people	egao o miseru	smile, show a smile	28	0.11	2	cut	less-common	Written style (judged 2).	
tamago-o-umu	food	tamago o umu	lay eggs	28	0.10	2	cut	narrow	About animals laying eggs. It only comes up in nature or farm talk.	Lay is umu (give birth), not oku (put down).
ogyougi-ga-ii	describing	ogyougi ga ii	well-behaved, good manners	28	0.74	3	cut	less-common	Means 'well-behaved', mostly about children. Real, but said less than the kept sets (judged 3).	
higai-o-ukeru	weather	higai o ukeru	suffer damage	28	0.14	2	cut	less-common	News and report wording for storm or disaster damage. You rarely hear it in casual talk.	Damage is received with ukeru, not kurushimu (suffer pain).
shukudai-o-suru	work-school	shukudai o suru	do homework	28	0.21	5	KEPT c-shukudai-o-suru			
shoku-o-ushinau	work-school	shoku o ushinau	lose one's job	28	0.18	2	cut	less-common	Formal. People say shigoto nakushita or kubi ni natta.	
se-ga-hikui	describing	se ga hikui	be short (height)	27	0.06	4	KEPT c-se-ga-hikui			Not se ga mijikai: short in height is hikui (low). Mijikai is only for length.
okane-o-kasu	time-money	okane o kasu	lend money	27	0.02	3	cut	less-common	Real but mid-frequency (27, judged 3). The kasu/kariru swap is the thing to watch.	Swapped with kariru: kashite = lend me; karite ii? = can I borrow?
akachan-ga-dekiru	people	akachan ga dekiru	be expecting a baby, get pregnant	27	0.05	4	cut	less-common	Variant of kodomo ga dekiru (27 hits): 'we're expecting'.	Not akachan o motsu: 'we're having a baby' is akachan ga dekita (a baby 'came into being').
toire-o-nagasu	home	toire o nagasu	flush the toilet	27	0.06	3	cut	less-common	Useful but rarely said aloud (27 hits); toire nagashite is the form if you need it.	Japanese has no word for 'flush': you make the toilet 'flow' (nagasu), as in toire nagashite or mizu o nagasu.
kigen-ga-ii	senses	kigen ga ii	in a good mood	27	0.14	4	cut	covered	Says the same as the kept kibun ga ii ('in a good mood'); people also say gokigen.	
kettei-o-kudasu	work-school	kettei o kudasu	make a decision	27	0.06	2	cut	less-common	Formal. Everyday speech says kimeru.	Decisions are handed down with kudasu; everyday speech just says kimeru.
menkyo-o-motsu	travel	menkyo o motsu	have a license	27	0.28	3	cut	less-common	Real, but having a licence rarely comes up (judged 3).	Having a license is motte iru, not aru.
kanjou-o-osaeru	senses	kanjou o osaeru	hold back emotions	27	0.06	2	cut	less-common	Judged 2; 'hold back your emotions' is more advice-column than conversation.	The usual verb is osaeru (press down), not a word for 'control'.
shakkin-ga-aru	time-money	shakkin ga aru	be in debt	27	0.17	3	cut	less-common	Real but uncommon in daily talk (judged 3), and films overplay debt.	Debt simply exists (aru); there's no verb for 'be in'.
hidoi-shiuchi	people	hidoi shiuchi	cruel treatment	27	0.26	2	cut	less-common	Drama-leaning (judged 2).	
engi-ga-warui	describing	engi ga warui	bad luck, bad omen	27	0.66	3	cut	less-common	Means 'a bad omen'. Real, but it only comes up around superstitions (judged 3).	
ocha-suru	food	ocha suru	go for tea or coffee	27	0.10	3	cut	not-a-collocation	A plain noun + suru verb ('ocha shinai?' = want to grab a coffee?), so it is out of scope for this list.	Means a café break, coffee included, not just drinking tea.
ohanashi-o-ukagau	work-school	ohanashi o ukagau	hear what you have to say	27	0.06	3	cut	narrow	The humble version of hanashi o kiku, used with customers or superiors.	Humble 'hear' is ukagau, not kiku.
fuku-o-kigaeru	clothes	fuku o kigaeru	change clothes	27	0.02	4	cut	maybe	Changing clothes is an everyday thing (judged 4), but people often just say kigaeru on its own, which is why it only just missed.	Change clothes is kigaeru; fuku o kaeru sounds odd.
kaoiro-ga-ii	body	kaoiro ga ii	look healthy	27	0.23	3	cut	less-common	The 'good' side of kaoiro ga warui, and said far less often.	About healthy colour, not good looks; kaoiro ga warui = look pale.
fuyu-o-kosu	weather	fuyu o kosu	get through the winter	27	0.10	2	cut	less-common	Mostly about animals or plants getting through winter, or used in stories. It's judged uncommon.	A season is crossed with kosu, not survived with ikinokoru.
kakuritsu-ga-takai	describing	kakuritsu ga takai	the odds are high	26	0.33	3	cut	less-common	Means 'the odds are high'. Real, but in talk people usually just say tabun or ... kamo.	English says 'likely'; Japanese says the probability is high.
naka-ga-warui	people	naka ga warui	be on bad terms	26	0.09	4	cut	maybe	The everyday opposite of the kept naka ga ii (judged 4), like un ga ii / un ga warui.	English uses a verb (don't get along); Japanese says the relationship is bad.
owari-ni-chikazuku	time-money	owari ni chikazuku	draw to a close	26	0.03	2	cut	less-common	Formal or narrating ('draw to a close'), rare in talk (judged 2).	Approach takes ni, not o.
kuroi-kami	describing	kuroi kami	black hair	26	0.04	2	cut	not-a-collocation	Just adjective + noun with its literal meaning ('black hair'), nothing to learn as a set. It's also uncommon (judged 2).	
irai-o-ukeru	work-school	irai o ukeru	take on a request	26	0.09	2	cut	film	Detective and hitman plots 'accept a job'.	
meneki-ga-aru	body	meneki ga aru	be immune; be used to it	26	0.51	2	cut	less-common	The literal 'be immune' is narrow. The common 'I'm used to it' sense is figurative and belongs on the idiom list.	English uses an adjective; Japanese says you 'have immunity'.
kippu-o-kau	travel	kippu o kau	buy a ticket	26	0.29	3	cut	less-common	Easy to guess, and less common now that most people tap an IC card (26 hits, judged 3).	kippu is a train ticket; concert tickets are chiketto.
baiku-ni-noru	travel	baiku ni noru	ride a motorbike	26	0.16	3	cut	covered	Same noru-with-ni pattern as the kept car set; motorbikes come up less than cars.	baiku means motorbike, not bicycle; noru takes ni.
mokuhyou-ni-mukau	work-school	mokuhyou ni mukau	work toward a goal	26	0.08	3	cut	less-common	Pep-talk language. It comes up only occasionally.	Japanese 'heads toward' the goal, usually mokuhyou ni mukatte ganbaru.
araamu-ga-naru	home	araamu ga naru	the alarm goes off	26	0.49	4	cut	less-common	Real (26 hits, some from film alarms) but said less than the kept mezamashi o kakeru.	English 'goes off'; Japanese says the alarm rings (naru).
doramu-o-tataku	hobbies	doramu o tataku	play the drums	26	0.49	3	cut	less-common	Rated 3 (26 hits). Only drummers say it much; the kept instrument set is piano o hiku.	Drums are hit (tataku), not hiku like other instruments.
shita-o-kamu	body	shita o kamu	bite one's tongue	26	0.12	3	cut	less-common	Biting your tongue only comes up now and then (judged 3/5).	Literal only; it doesn't mean holding back words.
fuman-o-iu	people	fuman o iu	complain	26	0.14	3	cut	covered	Same as the kept monku o iu, more formal.	Complain is fuman or monku o iu; kureemu is a formal complaint.
kibun-ga-hareru	senses	kibun ga hareru	feel better, cheer up	26	0.02	3	cut	less-common	Real for 'feel better', but in speech people mostly say sukkiri shita.	
shiken-ni-ochiru	work-school	shiken ni ochiru	fail an exam	25	0.16	4	KEPT c-shiken-ni-ochiru			Not shiken ni shippai suru: failing an exam is 'falling', ochiru with ni (ukatta / ochita).
denwa-ga-kireru	media	denwa ga kireru	the call drops, get cut off	25	0.00	3	cut	less-common	"The call dropped" is real (25), but it comes up less than hanging up (denwa o kiru, kept).	Not denwa ga ochiru: a dropped call is denwa ga kireta, the intransitive half of denwa o kiru.
namida-ga-deru	senses	namida ga deru	tears come, tear up	25	0.10	3	cut	maybe	Everyday and under-counted in subtitles: watery eyes from yawning, laughing, onions or hay fever are namida deta.	'Tear up' has no verb to copy: tears come out, so namida deta. Naku is crying outright.
fukuro-ni-ireru	home	fukuro ni ireru	put in a bag	25	0.12	4	cut	not-a-collocation	Free combination: any container + ni ireru.	'Put in' is ni ireru, not oku.
ishi-ga-tsuyoi	describing	ishi ga tsuyoi	strong-willed	25	0.12	3	cut	less-common	Means 'strong-willed'. Real, but said less than the kept describing sets (25 in films, judged 3).	English uses one adjective; Japanese says the will is strong.
pajama-o-kiru	clothes	pajama o kiru	put on pajamas	25	0.53	3	cut	covered	Same kiru as fuku o kiru, with pajamas as the garment.	
ha-o-nuku	body	ha o nuku	pull a tooth	25	0.06	3	cut	narrow	Only at the dentist.	'Pull' here is nuku, not hiku.
youji-ga-sumu	home	youji ga sumu	finish one's errands	25	0.10	3	cut	less-common	Said much less than the kept youji ga aru (25 hits).	Errands 'get settled' (sumu); owaru is less typical.
kujou-o-iu	people	kujou o iu	make a complaint	25	0.28	3	cut	covered	A formal complaint; the kept monku o iu is the everyday one.	Casual grumbling is monku o iu; kujou is a formal complaint.
eigo-o-shaberu	work-school	eigo o shaberu	speak English	25	0.06	4	cut	covered	A casual variant of the kept eigo o hanasu.	
iki-ga-arai	body	iki ga arai	breathing hard	25	0.03	2	cut	film	'Breathing hard' is mostly scene description, rare in talk (judged 2/5).	Heavy breathing is 'rough breath' (arai), not omoi.
chikai-shourai	time-money	chikai shourai	in the near future	25	0.10	2	cut	less-common	News and speech register ('in the near future'), rare in talk (judged 2).	
supiido-o-dasu	travel	supiido o dasu	drive fast, speed up	25	0.10	3	cut	narrow	Only used for driving fast.	Speed is 'put out' (dasu), not raised or made.
seikou-o-osameru	work-school	seikou o osameru	achieve success	25	0.02	1	cut	less-common	Written language. Speech just says seikou suru.	In speech people just say seikou suru.
netsu-ga-deru	body	netsu ga deru	get a fever	24	0.10	4	KEPT c-netsu-ga-deru			Not netsu o morau or eru: a fever 'comes out', netsu ga deru (netsu deta).
shigoto-o-yasumu	work-school	shigoto o yasumu	take a day off work	24	0.00	5	KEPT c-shigoto-o-yasumu			Not shigoto o toru or shigoto ni ikanai: missing work is yasumu ('rest') with o, the same for school (gakkou o yasumu).
boushi-o-toru	clothes	boushi o toru	take off a hat	24	0.06	2	cut	less-common	Taking off a hat isn't said much (24 hits, judged 2).	Not boushi o hazusu: hats come off with toru (boushi o nugu also works), not with the accessory verb hazusu.
chuushi-ni-naru	time-money	chuushi ni naru	be called off, be cancelled	24	0.06	4	cut	maybe	How Japanese people say an event is rained off or called off. It's common in daily life and films undercount it (24, judged 4).	Not kyanseru sareru for events: rained-off matches and cancelled events chuushi ni naru. Postponed is enki ni naru.
ikura-ni-naru	time-money	ikura ni naru	how much it comes to (in total)	24	0.12	4	cut	covered	Another way to ask a price. ikura suru covers that, though cashiers say '~ni narimasu'.	A total isn't 'is' but 'becomes': zenbu de ikura ni naru? asks the total, and every cashier says sen-en ni narimasu.
ame-ga-yamu	weather	ame ga yamu	the rain stops	23	0.06	4	KEPT c-ame-ga-yamu			Not ame ga tomaru or owaru, and not yameru (a person quitting): rain stops with intransitive yamu.
me-ga-warui	describing	me ga warui	have poor eyesight	23	0.00	4	KEPT c-me-ga-warui			Not me ga yowai or 'warui me ga aru': poor eyesight is me ga warui (shiryoku is the formal word).
sutoresu-ga-tamaru	senses	sutoresu ga tamaru	stress builds up, get stressed	23	0.14	4	KEPT c-sutoresu-ga-tamaru			Not sutoresu ni naru: stress 'piles up' (tamaru).
ibiki-o-kaku	home	ibiki o kaku	snore	23	0.64	3	cut	less-common	Strongly fixed (typical 0.64) but snoring rarely comes up (23 hits).	English uses one verb; Japanese needs ibiki + kaku, the same kaku as ase o kaku (sweat).
shigoto-ga-mitsukaru	work-school	shigoto ga mitsukaru	find a job	23	0.00	4	cut	maybe	The natural way to say 'I found a job' (shigoto mitsukatta), and English pushes you toward the wrong, transitive form.	Landing a job is usually intransitive, shigoto ga mitsukatta (a job turned up). English 'I found' pushes toward shigoto o mitsuketa, which sounds less natural.
ten-o-toru	work-school	ten o toru	get a score	23	0.04	4	cut	maybe	Students say it constantly (hyakuten totta), and 'get a score' tempts morau.	Scores are 'taken', not received: hyakuten totta, ii ten toreta (not ten o morau).
kotsu-o-tsukamu	hobbies	kotsu o tsukamu	get the hang of it, get the knack	23	0.28	3	cut	idiom	Figurative ('grab the knack' = get the hang of it). It belongs on the coming idiom list.	The set phrase is kotsu o tsukamu ('grab the knack'). Kotsu ga wakaru is also heard, but kotsu o toru is not.
menkyo-o-toru	work-school	menkyo o toru	get a licence	22	0.23	3	cut	less-common	Real and handy (menkyo totta), but it comes up only now and then. Count 22.	Not menkyo o morau: you 'take' a licence by earning it (menkyo totta). The same goes for qualifications: shikaku o toru.
ashi-ga-hayai	describing	ashi ga hayai	be a fast runner	22	0.02	4	cut	maybe	The everyday way to say someone is a fast runner, used a lot about kids and athletes (judged 4). English gives you no hint you'd say 'legs are fast'.	Not 'hayai rannaa': a fast runner is ashi ga hayai ('legs are fast'). Ashi ga osoi is slow.
takarakuji-ga-ataru	time-money	takarakuji ga ataru	win the lottery	22	0.59	3	cut	narrow	Only comes up for lotteries and prize draws.	Not takarakuji ni katsu: you don't beat a lottery. The ticket 'hits' with ataru, and the lottery is the subject. The same goes for raffles and prize draws (kuji ga ataru).
daigaku-o-deru	work-school	daigaku o deru	graduate from university	22	0.05	3	cut	less-common	Real ('graduated'), but mostly heard in life-story talk. Count 22.	English 'graduate' leads to sotsugyou suru (fine but stiff). In conversation people say daigaku deta ('left university').
takarakuji-ni-ataru	time-money	takarakuji ni ataru	win the lottery	22	0.59	3	cut	narrow	The ni version of the lottery set, which only comes up for lotteries.	Not takarakuji ni katsu: you don't beat a lottery, it hits you. 'Takarakuji atattara...' (also ga ataru).
ongaku-o-kakeru	media	ongaku o kakeru	put on, play music	21	0.04	4	KEPT c-ongaku-o-kakeru			Not asobu: playing music from a speaker is ongaku o kakeru; asobu is play as in have fun, hiku is play an instrument.
shiken-o-ukeru	work-school	shiken o ukeru	take an exam	21	0.13	4	KEPT c-shiken-o-ukeru			Not shiken o toru: you 'receive' an exam, ukeru (also tesuto o ukeru, mensetsu o ukeru, and daigaku o ukeru for sitting a university's entrance exam).
dengen-ga-hairu	media	dengen ga hairu	(a device) turns on	21	0.08	3	cut	less-common	Mostly heard as "dengen hairanai" ("it won't turn on") (21). It is less basic than switching a device off or on yourself.	Not tsuku: a dead phone that 'won't turn on' is dengen ga hairanai.
samuke-ga-suru	body	samuke ga suru	have the chills	21	0.84	3	cut	less-common	Real 'have the chills', but less frequent than the kept fever and cold sets (judged 3/5).	Not samui alone: chills 'do', samuke ga suru; samui means the room is cold.
okane-o-kariru	time-money	okane o kariru	borrow money	20	0.01	4	cut	less-common	Real (judged 4) but low count (20), and kariru works with any object.	Learners swap kariru (borrow) and kasu (lend). The lender takes ni or kara (tomodachi ni karita).
kami-ga-nagai	describing	kami ga nagai	have long hair	20	0.03	4	cut	maybe	The standard way to describe someone's hair ('kanojo wa kami ga nagai'), and it's common (judged 4). English pushes you toward 'nagai kami ga aru'.	Not 'nagai kami ga aru' for 'she has long hair': say kanojo wa kami ga nagai.
se-ga-nobiru	describing	se ga nobiru	grow taller	20	0.05	3	cut	less-common	Means 'grow taller', mostly said to kids ('se nobita ne'). Narrower than the kept se ga takai / se ga hikui.	Not se ga sodatsu: 'you've grown!' is se nobita ne (or ookiku natta ne).
jugyou-o-saboru	work-school	jugyou o saboru	skip class, cut class	20	0.08	3	cut	less-common	Student slang that's real but occasional. Count 20.	Not jugyou o nuku or tobasu: skipping class or work is saboru (from 'sabotage'), while skipping a meal is nuku.
gasorin-o-ireru	travel	gasorin o ireru	get petrol / gas, fill up	20	0.18	3	cut	narrow	Only for car owners at the petrol station.	Not gasorin o kau or morau: fuel is 'put in' (ireru), as in gasorin irete kara iku.
saizu-ga-au	clothes	saizu ga au	be the right size, fit	19	0.18	3	cut	maybe	The usual way to say something fits or doesn't fit (saizu awanai) when shopping or trying clothes on. A strong set that only just missed.	English 'fit' has no one-word verb: say saizu ga au / awanai. This au means 'match' and sounds the same as au 'meet'.
okane-o-tameru	time-money	okane o tameru	save up money	19	0.01	4	KEPT c-okane-o-tameru			Not okane o tasukeru or setsuyaku suru: saving up is tameru, 'pile up' (setsuyaku means cutting back).
yotei-ga-hairu	time-money	yotei ga hairu	have something come up	19	0.05	4	KEPT c-yotei-ga-hairu			Not yotei ga kuru or deru: a plan that gets booked 'enters' (sono hi yotei haitteru = I've got something that day).
yaruki-ga-deru	senses	yaruki ga deru	feel motivated	19	0.10	5	KEPT c-yaruki-ga-deru			There's no adjective for 'motivated': motivation 'comes out' (yaruki ga deru, or yaruki ga denai).
kawa-o-muku	food	kawa o muku	peel (fruit, vegetables)	19	0.09	3	cut	less-common	Real kitchen set for peeling fruit, but only 19 hits and judged 3/5.	Learners reach for hagu or toru. Peeling the skin off fruit or vegetables is muku, as in mikan no kawa o muku.
mimi-ga-tooi	describing	mimi ga tooi	be hard of hearing	19	0.02	2	cut	idiom	A set expression, 'far ears' for hard of hearing. Better suited to the idiom list.	Not mimi ga kikoenai: the plain, polite way is 'far ears' (mimi ga tooi), the mirror of me ga warui.
ki-ga-noranai	senses	ki ga noranai	not be in the mood, not feel like it	19	0.00	3	cut	covered	Close to the kept yaruki ga nai ('can't be bothered, not feeling it').	Nothing in 'I don't feel like it' leads to noru (ride). The plain way to say it is ki ga noranai.
kaisha-o-yameru	work-school	kaisha o yameru	quit one's job	18	0.03	4	KEPT c-kaisha-o-yameru			Mostly guessable from yameru = quit. The catch is that you quit the company or the job (kaisha/shigoto o yameru), and 辞める sounds identical to 止める 'stop'.
shumi-ga-aru	hobbies	shumi ga aru	have a hobby	18	0.11	3	cut	less-common	Rated 3, only 18 hits. People ask 'shumi wa?' far more often than they say shumi ga aru.	Not shumi o motsu in speech: having a hobby is ga aru (nanka shumi aru?), like jikan ga aru.
kami-o-tokasu	home	kami o tokasu	brush / comb one's hair	18	0.03	3	cut	less-common	Real but rare in talk (18 hits).	Not kami o migaku: teeth are brushed with migaku, hair with tokasu.
kuruma-ni-hikareru	travel	kuruma ni hikareru	get hit / run over by a car	18	0.00	2	cut	less-common	Mostly in warnings and accident scenes (18 hits, judged 2).	Not kuruma ni utareru: being run over is hikareru, the passive of hiku, which sounds the same as the hiku in kaze o hiku.
kuchi-ni-au	food	kuchi ni au	suit one's taste (food)	18	0.01	4	cut	idiom	Figurative ('fits the mouth' = suits your taste). Very common when hosting, and it belongs on the idiom list.	No English pairing to copy. 'Do you like the food here?' is asked as nihon no tabemono, kuchi ni au? Here au means 'fit', not 'meet'.
wasuremono-o-suru	travel	wasuremono o suru	leave something behind	18	0.38	4	cut	less-common	Real, but people mostly just say wasureta.	Not wasuremono o oku: leaving something behind is wasuremono o suru, or just wasureta.
netto-ga-tsunagaru	media	netto ga tsunagaru	the internet connects, works	17	0.05	4	KEPT c-netto-ga-tsunagaru			Not hataraku or ugoku: 'the Wi-Fi isn't working' is netto ga tsunagaranai ('doesn't connect').
kareshi-ga-dekiru	people	kareshi ga dekiru	get a boyfriend / girlfriend	17	0.08	4	cut	covered	Same ga dekiru frame as the kept tomodachi ga dekiru; swap in kareshi or kanojo.	Not kareshi o eru or morau: a partner 'comes into being' with ga dekiru (kanojo dekita!).
sensu-ga-ii	describing	sensu ga ii	have good taste / a good eye (style)	17	0.16	4	KEPT c-sensu-ga-ii			English 'good taste' leads to aji (flavour). Taste in clothes, music or gifts is sensu ga ii; shumi ga ii is also used.
karada-o-ugokasu	hobbies	karada o ugokasu	get some exercise, move your body	17	0.01	4	cut	maybe	The casual way to say 'I need some exercise', rated common (4). There are only 17 film hits because it's daily-life talk.	Not only undou suru: the casual 'I need some exercise' is karada o ugokasu.
gomi-o-dasu	home	gomi o dasu	take out the trash	16	0.09	4	KEPT c-gomi-o-dasu			Not gomi o toru or motte iku: taking out the trash is gomi o dasu (put it out).
yubiwa-o-hameru	clothes	yubiwa o hameru	put on / wear a ring	16	0.03	2	cut	less-common	A more formal way to say put on a ring. Rarer than yubiwa shiteru (16 hits, judged 2).	Not yubiwa o kiru: things you push a finger or hand into (rings, gloves) take hameru. yubiwa shiteru is also common for wearing one.
yuki-ga-tsumoru	weather	yuki ga tsumoru	snow settles, piles up	16	0.08	2	cut	less-common	Real, but only 16 hits and judged uncommon. It only comes up in places and seasons with lying snow.	English 'the snow is sticking/settling' has no match: snow piles up, tsumoru, not tsuku or nokoru.
netsu-ga-sagaru	body	netsu ga sagaru	fever goes down	16	0.07	4	cut	maybe	'Netsu sagatta?' is the natural follow-up to every fever (judged 4/5), and it pairs with netsu ga deru. It only just missed.	Not netsu ga oriru or heru: a fever 'drops', netsu ga sagaru (netsu sagatta?).
jugyou-ni-deru	work-school	jugyou ni deru	attend class	16	0.06	4	cut	less-common	Common among students but rare in films (16). Ask for it back if school life matters to you.	Attending a class is deru with ni. jugyou o deru would mean walking out of it, and shusseki suru is the formal word.
shiai-ni-deru	hobbies	shiai ni deru	play in a match	16	0.05	3	cut	less-common	Rated 3 (16 hits). Mostly said by people who play on a team.	Not shiai o suru for 'play in the game': taking part is deru (nichiyou shiai deru), and so is taikai ni deru (enter a tournament).
fue-o-fuku	hobbies	fue o fuku	play the flute or recorder	16	0.36	2	cut	less-common	Rated uncommon (2, 16 hits). Mostly school-recorder talk.	Not fue o hiku or suru: wind instruments are blown with fuku, the verb of kaze ga fuku (the wind blows).
sutairu-ga-ii	describing	sutairu ga ii	have a good figure	16	0.24	4	cut	maybe	People say it often (judged 4), and it's a real trap: it means 'has a good figure', not 'stylish'.	False friend: sutairu ga ii means a good figure (slim, well-proportioned), not good fashion sense. Fashion is oshare.
kopii-o-toru	work-school	kopii o toru	make a (photo)copy	16	0.05	3	cut	narrow	Office photocopying only, and kopii suru also works.	Not kopii o tsukuru: copies are 'taken' with toru. Kopii suru is also used.
youji-ga-dekiru	time-money	youji ga dekiru	something comes up	16	0.06	4	cut	covered	'Something came up' is already covered by yotei ga hairu.	Not youji ga kuru: 'something came up' is kyuu ni youji ga dekita. Youji ga aru means 'I have things to do'.
hige-o-hayasu	describing	hige o hayasu	grow a beard / moustache	16	0.10	3	cut	less-common	Means 'grow a beard'. Real, but said less than the kept sets (16 in films, judged 3).	Not hige o sodateru or nobasu: facial hair is 'made to sprout' (hayasu), the transitive of haeru. hige haeteru hito = a man with a beard.
aishou-ga-ii	people	aishou ga ii	be compatible, go well together (people, also food pairings)	16	0.44	3	cut	less-common	Real (judged 3) but less frequent; count too small to judge.	'We're compatible' has no Japanese verb to copy. You say the match is good, aishou ga ii (also wain to chiizu wa aishou ga ii).
onegai-o-kiku	people	onegai o kiku	do someone a favour (agree to a request)	16	0.06	3	cut	less-common	The answer to onegai ga aru (16 hits); less frequent.	Not onegai o suru, which means making the request. Doing the favour is onegai o kiku (chotto onegai kiite kureru?).
mise-o-yaru	work-school	mise o yaru	run a shop, bar or restaurant	16	0.02	3	cut	less-common	Real (oya ga izakaya yatteru), but it comes up only occasionally.	Not hashiru or motsu. Running a shop is yaru (oya ga izakaya yatteru); keiei suru is formal.
toire-o-kariru	home	toire o kariru	use someone's bathroom	15	0.03	3	cut	narrow	One situation: asking to use the bathroom at someone's place or a shop (toire karite mo ii?).	Not toire o tsukau: asking to use someone's toilet is 'borrowing' it (toire karite mo ii?).
manaa-moodo-ni-suru	media	manaa moodo ni suru	put one's phone on silent	15	0.25	2	cut	narrow	A Japan-specific phone setting (judged 2). Worth knowing as a word, but it fits only one situation.	'Silent mode' is the made-in-Japan manaa moodo ('manner mode') with ni suru, not sairento ni oku.
mensetsu-o-ukeru	work-school	mensetsu o ukeru	have a (job) interview	15	0.12	3	cut	narrow	Job-hunting season only. The verb is the same ukeru as the kept shiken o ukeru.	The candidate ukeru (receives) the interview, like shiken o ukeru; mensetsu o suru means you are the one interviewing.
oyu-ga-deru	home	oyu ga deru	hot water comes out / runs (tap, shower)	15	0.23	3	cut	narrow	Mostly one situation: the hot water not working (oyu ga denai).	'There's no hot water' is oyu ga denai, not oyu ga nai. This is the intransitive of mizu o dasu / oyu o dasu.
kaisha-ni-tsutomeru	work-school	kaisha ni tsutomeru	work for a company	14	0.02	3	cut	less-common	Self-introduction language. Casual talk uses ... de hataraiteru.	'Work for X' is not X no tame ni hataraku: say X ni tsutometeru (or X de hataraiteru), with ni and almost always in the -te iru form.
mise-ga-aku	time-money	mise ga aku	a shop opens (for the day), is open	14	0.02	4	KEPT c-mise-ga-aku			Not mise ga akeru or hiraku: 'is it open?' is aiteru? or nanji made aiteru?. Mise o hiraku means opening a new shop.
takushii-o-hirou	travel	takushii o hirou	catch a taxi	14	0.05	3	cut	less-common	Real (hailing a taxi in the street), but taxis come up less than trains (14 hits).	Not takushii o toru or takushii o tsukamu: hailing one in the street is hirou ('pick up'). tsukamaeru also works; phoning for one is yobu.
seki-o-yuzuru	travel	seki o yuzuru	give up your seat	14	0.02	3	cut	narrow	One situation: offering your seat to someone on the train.	Not seki o ageru: offering your seat to someone is yuzuru ('hand over').
jishin-ga-okiru	weather	jishin ga okiru	an earthquake happens	14	0.20	3	cut	maybe	Earthquakes are part of daily life in Japan, so they get talked about a lot, and foreign films under-count them. Casually people say jishin kita or jishin atta.	English 'an earthquake hit/struck' has no matching verb. Say jishin ga okiru (casually jishin ga atta / kita). The shaking itself is yureru.
tsumetai-kaze	weather	tsumetai kaze	a cold wind	14	0.02	2	cut	less-common	Only 14 hits and judged uncommon. People mostly just say samui or kaze tsuyoi.	Not samui kaze by default: wind you feel on your skin is tsumetai (cold to the touch). Samui describes the air or how you feel.
heya-o-katazukeru	home	heya o katazukeru	tidy up one's room	14	0.01	4	KEPT c-heya-o-katazukeru			English 'clean your room' leads to souji suru, which means scrubbing and vacuuming. Putting things away is katazukeru.
uso-ga-bareru	people	uso ga bareru	a lie gets found out	14	0.00	3	cut	less-common	Casual and real (uso bareta, judged 3) but said less than the kept uso o tsuku.	Not uso ga mitsukaru: lies and secrets 'come out' with bareru (casual), as in uso bareta.
atomawashi-ni-suru	time-money	atomawashi ni suru	put something off, deal with it later	14	0.78	3	cut	less-common	Useful for 'put off', but not frequent (14, judged 3).	'Put off' has no Japanese verb to copy. You turn the task into 'later', atomawashi ni suru.
kaigi-ni-deru	work-school	kaigi ni deru	attend a meeting	13	0.04	4	cut	maybe	An everyday work line (kaigi ni deru), and it's a real particle trap: kaigi o deru means walking out. It's already written up.	Not kaigi o deru (= leave the meeting room) or kaigi ni sanka suru in casual speech: attending is ni deru.
michi-o-wataru	travel	michi o wataru	cross the road	13	0.01	3	cut	less-common	Real, but crossing the road rarely needs saying (13 hits, judged 3).	Not michi ni wataru or kurosu suru: what you cross takes o (michi, hashi, shingou o wataru).
okawari-o-suru	food	okawari o suru	have seconds / a refill	13	0.22	3	cut	less-common	People usually say just 'okawari' or 'okawari kudasai', without suru.	There is no word for 'seconds' or 'refill' to translate; it is the noun okawari, used with suru or on its own (okawari kudasai).
kaminari-ga-naru	weather	kaminari ga naru	it thunders	13	0.14	3	cut	less-common	A real set (13 hits), but thunder comes up much less than rain, wind or snow.	English 'it thunders' is one verb. Japanese makes the thunder sound: kaminari ga naru (鳴る 'ring', a homophone of naru 'become').
chuusha-o-utsu	body	chuusha o utsu	give or get a shot	13	0.06	2	cut	narrow	Only for injections at the clinic.	Shots are 'hit', chuusha o utsu; as the patient say chuusha utte moratta or utareta.
kigen-ga-kireru	food	kigen ga kireru	expire, go past the use-by date	13	0.17	3	cut	maybe	'Kigen kireteru' (it's past its date) comes up all the time at home with food, cards and passports. Only 13 film hits because it is daily-life talk.	There's no verb for 'expire': the deadline 'snaps' with kireru. For food, people say shoumi kigen ga kireteru. Passports and cards just say kigen ga kireta.
nimotsu-ga-todoku	home	nimotsu ga todoku	a package arrives	13	0.02	4	cut	maybe	A package arriving (nimotsu todoita) is everyday life now (native rating 4/5), and todoku is not the obvious verb.	Not nimotsu ga tsuku: deliveries 'reach' you, so nimotsu todoita. Tsuku is for people and vehicles arriving.
seikaku-ga-ii	describing	seikaku ga ii	be a good person, have a nice personality	13	0.10	4	KEPT c-seikaku-ga-ii			'He's nice' is usually seikaku ga ii or yasashii; seikaku ga warui means mean or nasty.
juutai-ni-hamaru	travel	juutai ni hamaru	get stuck in traffic	13	0.16	3	cut	covered	The kept michi ga komu already handles talking about heavy traffic.	Not juutai de tomaru: you 'fall into' traffic (hamaru), the same verb as geemu ni hamaru (get hooked).
aza-ga-dekiru	body	aza ga dekiru	get a bruise	13	0.12	3	cut	less-common	Getting a bruise comes up now and then (13 hits, judged 3/5).	A bruise dekiru (forms), not tsuku; usually aza dekichatta.
tokei-o-suru	clothes	tokei o suru	wear a watch	12	0.04	3	cut	less-common	Real (tokei shiteru), but people talk about wearing a watch much less than about masks or glasses (12 hits).	Not tokei o kiru: a watch takes suru (tokei shiteru). tsukeru also works but sounds stiffer.
airon-o-kakeru	home	airon o kakeru	iron (clothes)	12	0.48	3	cut	less-common	Rare in talk (12 hits); ironing comes up little.	English 'iron' is a verb; Japanese says airon o kakeru, not airon suru.
hi-ga-nagai	weather	hi ga nagai	the days are long	12	0.00	3	cut	less-common	A seasonal remark (12 hits) you'd make a few times a year, around midsummer or midwinter.	Not ichinichi ga nagai, which means 'it was a long day': daylight hours are hi ga nagai / hi ga mijikai.
nodo-ga-itai	body	nodo ga itai	have a sore throat	12	0.02	4	cut	maybe	A sore throat is one of the most common things people mention when getting a cold (judged 4/5). It only just missed.	No 'sore' adjective: the throat hurts, nodo ga itai.
denpa-ga-warui	media	denpa ga warui	bad signal, poor reception	12	0.11	3	cut	less-common	"Denpa warui" is common on phone calls in real life (films under-count it at 12), but it just missed out.	Not shingou: phone signal is denpa ('radio waves'); shingou is a traffic light.
petto-o-kau	home	petto o kau	have / keep a pet	12	0.10	4	cut	covered	Same kau (keep an animal) as inu o kau.	Not petto ga aru or petto o motsu: you keep an animal with kau (飼う), which sounds exactly like kau, 'buy'.
jikan-o-mamoru	time-money	jikan o mamoru	be on time, be punctual	12	0.00	3	cut	less-common	Said ('be on time'), but not often (12, judged 3).	'Punctual' is an adjective in English, but Japanese 'protects the time': jikan mamotte ne.
kami-o-someru	describing	kami o someru	dye one's hair	12	0.02	3	cut	less-common	Means 'dye your hair'. Real and works like the kept kami o kiru, but people say it less often (judged 3).	Like kami o kiru, you say you dyed your hair even when the salon did it. kinpatsu ni someru = go blond.
shashin-ni-utsuru	media	shashin ni utsuru	be in a photo, appear in a picture	12	0.01	3	cut	less-common	"Who's in this photo?" is a real use, but rarer than taking or looking at photos (12).	Not shashin ni iru or haitte iru: appearing in a photo is utsuru, as in kono shashin ni utsutteru no dare?
koe-ga-hikui	describing	koe ga hikui	have a deep (low) voice	12	0.01	3	cut	less-common	Means 'have a deep voice'. Real, but said less than the kept sets (12 in films, judged 3).	Not koe ga fukai: a deep voice is low, hikui. A high-pitched one is koe ga takai.
seki-ga-aku	travel	seki ga aku	a seat is free	11	0.02	4	KEPT c-seki-ga-aku			Not seki ga furii or seki ga hima: a free seat is aiteru ('open'), as in koko aitemasu ka?
ikura-suru	time-money	ikura suru	cost (how much)	11	0.05	5	KEPT c-ikura-suru			Not ikura kakaru for a price tag: what an item costs takes suru (kore ikura shita? = how much was this?); kakaru is for running costs of a trip or service.
suupu-o-nomu	food	suupu o nomu	have soup	11	0.10	3	cut	less-common	Good note that soup and miso soup take nomu, but only 11 hits and judged 3/5.	Not suupu o taberu: soup and miso soup are drunk (nomu), even with a spoon.
onaka-o-kowasu	body	onaka o kowasu	get an upset stomach, get diarrhoea	11	0.01	4	cut	maybe	'Onaka kowashita' is the everyday way to say you have an upset stomach (judged 4/5), and English gives no hint of the verb. It only just missed.	English 'have an upset stomach' gives no usable verb. Japanese 'breaks' the stomach with kowasu, transitive, with the speaker as subject: onaka kowashita.
tenshon-ga-agaru	senses	tenshon ga agaru	get excited, get hyped	11	0.28	5	KEPT c-tenshon-ga-agaru			False friend: tenshon means excitement or energy, not stress. 'I'm excited' is tenshon agaru, and tenshon takai means hyper.
denki-ga-kieru	home	denki ga kieru	the light goes out	11	0.04	3	cut	less-common	The light going out by itself comes up less (11 hits) than switching it off.	Not denki ga kesu: the intransitive is kieru, and 'the light is off' is denki kieteru.
hana-o-kamu	body	hana o kamu	blow one's nose	11	0.03	3	cut	less-common	Blowing your nose rarely needs saying (11 hits), though watch the verb (kamu, not fuku).	Not hana o fuku: fuku is for blowing air, wind or a flute. You blow your nose with kamu, which sounds like kamu, 'bite'.
kuse-ni-naru	food	kuse ni naru	be addictive, become a habit	11	0.04	3	cut	idiom	'Becomes a habit' used to mean moreish or addictive is figurative. It belongs on the idiom list.	No 'addictive' adjective is used for snacks: you say kuse ni naru ('it becomes a habit').
okane-o-kakeru	time-money	okane o kakeru	spend money on (something)	11	0.01	3	cut	less-common	The transitive of okane ga kakaru, and less frequent (11, judged 3).	Not okane o tsukau when you mean putting money into something: fuku ni okane o kakeru. It's the transitive half of okane ga kakaru.
yogore-o-otosu	home	yogore o otosu	get dirt or a stain off, clean it off	11	0.11	3	cut	less-common	Real but rare in talk (11 hits).	English 'get off' or 'remove' suggests toru; the usual verb is otosu (drop), as in keshou o otosu.
nimotsu-o-tsumeru	travel	nimotsu o tsumeru	pack (a bag or suitcase)	11	0.02	3	cut	narrow	Only used when packing a suitcase or bag.	Not pakku suru or nimotsu o ireru: packing a bag is tsumeru, 'cram in' (mou nimotsu tsumeta?). nimotsu o matomeru means 'get your stuff together'.
jikan-ga-aku	time-money	jikan ga aku	be free (time opens up)	10	0.00	5	KEPT c-jikan-ga-aku			Not jiyuu: being free is aku, 'to open up' (ashita aiteru? = are you free tomorrow?).
hidoi-kaze	body	hidoi kaze	bad cold	10	0.07	3	cut	less-common	Mostly heard inside 'hidoi kaze hiita'. Kaze o hiku on the list does most of the work.	Not warui kaze: a bad cold is hidoi kaze; warui means wrong or at fault.
mizu-o-tomeru	home	mizu o tomeru	turn off the water (tap)	10	0.01	3	cut	less-common	Real but rare in talk (10 hits).	Not mizu o kesu: kesu is for lights, the TV and fire. Water and gas are stopped with tomeru. To turn the tap on: mizu o dasu.
yoi-ga-sameru	food	yoi ga sameru	sober up	10	0.17	2	cut	less-common	Sobering up is said far less often than getting drunk (10 hits, judged 2/5).	Japanese has no verb for 'sober up': being drunk 'wears off' (sameru), the same verb as me ga sameru.
shuuri-ni-dasu	media	shuuri ni dasu	send (something) for repair, get it fixed	10	0.02	3	cut	less-common	Sending something for repair is a real set, but it comes up only now and then (10).	English 'get it fixed' has no verb to translate; Japanese sends it out: sumaho o shuuri ni dasu.
boonasu-ga-deru	work-school	boonasu ga deru	get a bonus (a bonus is paid out)	10	0.29	3	cut	narrow	Bonus season only (boonasu deta?).	The usual line is that the bonus deru (comes out): boonasu deta? Boonasu o morau is also fine.
kami-ga-nukeru	body	kami ga nukeru	hair falls out, lose hair	10	0.02	3	cut	less-common	Hair falling out comes up occasionally (judged 3/5).	Not kami ga ochiru: hair coming out (in the shower, from stress, with age) is nukeru. Ochiteru is only for a hair lying on the floor.
kaminari-ga-ochiru	weather	kaminari ga ochiru	lightning strikes	10	0.11	3	cut	less-common	Lightning striking somewhere is a rare event, so it comes up rarely (10 hits).	Not kaminari ga utsu: lightning falls (ochita). Kaminari ga naru is the thunder you hear.
nikki-o-tsukeru	hobbies	nikki o tsukeru	keep a diary	10	0.12	2	cut	less-common	Rated uncommon (2, 10 hits). Few people keep diaries now.	Not nikki o motsu or tamotsu: keeping a diary or any record is tsukeru, as in kakeibo o tsukeru (keep household accounts).
megane-o-hazusu	clothes	megane o hazusu	take off glasses	9	0.05	3	KEPT c-megane-o-hazusu			Not megane o nugu: nugu is only for clothes and shoes. Glasses, watches, masks, rings and earrings come off with hazusu.
sakkaa-o-suru	hobbies	sakkaa o suru	play soccer	9	0.18	5	KEPT c-sakkaa-o-suru			Not sakkaa o asobu: asobu means playing around, so sports take suru (casually yaru: sakkaa yatteru).
shiai-ni-katsu	hobbies	shiai ni katsu	win a match	9	0.03	4	KEPT c-shiai-ni-katsu			Not shiai o katsu: English 'win the game' is transitive, but Japanese wins at it with ni (geemu ni katta).
ka-ni-sasareru	body	ka ni sasareru	get bitten by a mosquito	9	0.16	3	cut	narrow	Summer mosquito bites only, though watch the verb (sasu, not kamu).	Not ka ni kamareru: mosquitoes and bees 'sting' with sasu, used in the passive. Kamu is for dogs and snakes.
denpa-ga-hairu	media	denpa ga hairu	get a signal	9	0.08	3	cut	less-common	Already written up, but it is said less than the kept internet and battery sets (9). Mostly heard as "denpa hairanai".	Not denpa o morau: having signal is denpa ga hairu, and 'no signal' is denpa hairanai.
michi-ga-komu	travel	michi ga komu	the traffic is heavy	9	0.00	4	KEPT c-michi-ga-komu			Not michi ga isogashii (busy is for people) or kuruma ga ooi: crowded roads, trains and shops are konderu.
jikan-o-akeru	time-money	jikan o akeru	keep time free	9	0.00	2	cut	less-common	The transitive partner of jikan ga aku, and rare (9, judged 2).	Not jikan o jiyuu ni suru: clearing time for someone is akeru (ashita akete oku ne).
ame-ni-nureru	weather	ame ni nureru	get wet in the rain	9	0.02	3	cut	covered	Getting soaked by rain is already covered by the kept 'get caught in the rain' set. The bare verb nureta does the rest.	'Get wet' is the single verb nureru, with no 'get' or naru added. The rain takes ni (ame de nureta is also heard).
takai-netsu	body	takai netsu	high fever	9	0.04	3	cut	less-common	People usually say netsu ga takai or just netsu ga aru, which is on the list.	
netto-ni-tsunagu	media	netto ni tsunagu	connect to the internet	9	0.03	3	cut	covered	The transitive pair of the kept netto ga tsunagaru, and the same idea.	English 'connect' covers both: you tsunagu a device (waifai ni tsunaide), but the net tsunagaru on its own.
shukudai-o-dasu	work-school	shukudai o dasu	hand in homework	9	0.07	4	cut	maybe	School-daily (shukudai dashita?), and 'hand in' gives no hint of dasu. It's the next step after the kept shukudai o suru.	Handing in is dasu ('put out'), not ageru or teishutsu suru in speech. When a teacher says it, dasu means 'set homework'.
torihada-ga-tatsu	senses	torihada ga tatsu	get goosebumps	9	0.60	3	cut	less-common	Real and very typical (torihada tatta!, 'I got goosebumps!') but only 9 hits and judged 3, so it comes up less than the kept sets.	Not torihada o morau or ga deru: goosebumps 'stand up' with tatsu, and the noun is the subject. It covers cold, fear and being moved.
taichou-o-kuzusu	body	taichou o kuzusu	get run down, fall ill	9	0.13	4	cut	maybe	The standard polite way to say you got run down or fell ill, very common at work (judged 4/5). It only just missed.	English gives no hint of kuzusu ('crumble'). Learners say byouki ni naru, which sounds like a real illness rather than being run down.
tamago-o-waru	food	tamago o waru	crack an egg	9	0.03	3	cut	narrow	Only comes up while cooking or following a recipe.	Not tamago o kowasu: eggs, glasses and plates 'split' (waru).
omimai-ni-iku	people	omimai ni iku	visit someone in hospital, visit a sick person	9	0.17	3	cut	narrow	Only for visiting someone sick or in hospital.	Not byouin o tazuneru or houmon suru: visiting a sick person is omimai ni iku.
chiketto-o-toru	hobbies	chiketto o toru	get tickets	9	0.05	4	KEPT c-chiketto-o-toru			Not chiketto o morau: securing tickets is chiketto o toru, and toreta! means 'I got them'.
hi-ga-ataru	weather	hi ga ataru	get sun (a room or spot)	9	0.00	3	cut	narrow	Mostly used when describing rooms and flats, e.g. hi ga ataru heya when flat-hunting.	Not hi o morau: sunlight 'hits', so a sunny room is hi ga ataru heya.
ne-ga-haru	time-money	ne ga haru	be pricey, cost a bit	9	0.01	2	cut	less-common	A real expression, but people mostly just say takai (judged 2).	Not just takai: 'pricey but worth it' is ne ga haru, built from ne (price) and haru (stretch), words a learner won't connect.
kaze-ga-naoru	body	kaze ga naoru	get over a cold	8	0.05	4	cut	maybe	'Kaze naotta?' follows every cold (judged 4/5), and it completes the kaze o hiku set. It only just missed.	Not koeru: the cold itself 'heals', kaze ga naoru (kaze naotta?); you cure it with kaze o naosu.
terebi-de-yaru	media	terebi de yaru	be on TV (a programme)	8	0.02	3	cut	less-common	"It's on TV tonight" is useful, but rarely said (8).	Not terebi ni aru: 'the film is on TV tonight' is konban terebi de yaru ('TV is doing it'); ni deru is for people.
iki-ga-kireru	body	iki ga kireru	get out of breath	8	0.01	3	cut	less-common	Getting out of breath comes up occasionally (8 hits, judged 3/5).	There's no English verb to translate: breath 'runs out' (kireru), the same verb as juuden ga kireru.
hanashi-ga-moriagaru	people	hanashi ga moriagaru	the conversation gets lively, have a great chat	8	0.00	3	cut	less-common	Real (sugoi moriagatta, judged 3) but less frequent than the kept hanashi sets.	No English verb fits: talk and parties 'swell up' (moriagaru), as in sugoi moriagatta ne.
kuriiningu-ni-dasu	clothes	kuriiningu ni dasu	take (clothes) to the dry cleaner's	8	0.29	3	cut	narrow	Only for one errand, taking clothes to the dry cleaner's.	English 'take' leads to motte iku; natives say dasu (send out), the same pattern as shuuri ni dasu.
hanashi-ga-soreru	people	hanashi ga soreru	get off topic, digress	8	0.00	3	cut	less-common	Real (judged 3) but less frequent; mostly when a chat drifts off topic.	Not hanashi ga kawaru or hanareru: a conversation that drifts 'veers off' (soreru), and hanashi o modosu brings it back.
tameiki-o-tsuku	senses	tameiki o tsuku	sigh	8	0.31	3	cut	less-common	'Sigh' is mostly narration; you rarely say it about yourself in conversation (8 hits).	'Sigh' is a verb in English. Japanese uses a noun with tsuku, the same verb as uso o tsuku.
kioku-ga-tobu	food	kioku ga tobu	black out; one's memory goes blank (from drinking)	8	0.01	3	cut	less-common	Mostly heard in drinking stories (8 hits), and less often than the kept drinking sets.	Not kioku o nakusu (amnesia, formal): blacking out from drink is kioku ga tobu (nomisugite kioku tonda).
nemuri-ni-tsuku	body	nemuri ni tsuku	fall asleep	8	0.04	2	cut	less-common	Literary 'fall asleep'. In speech people say nechatta.	'Fall' asleep is tsuku (or just nemuru), not ochiru.
hi-ni-yakeru	body	hi ni yakeru	get a tan / get sunburnt	7	0.00	3	cut	less-common	Tanning and sunburn come up mostly in summer (judged 3/5).	There's no separate verb for 'tan' or 'burn': the skin is 'grilled by the sun', hi ni yakeru, the same yakeru as niku ga yakeru.
eki-made-okuru	travel	eki made okuru	take / drop someone to the station, see someone off	7	0.04	4	cut	maybe	Everyday offer to walk or drive someone to the station (okutte iku yo); judged 4.	Not just eki made tsurete iku: walking or driving someone somewhere is okuru (the 'send' verb), as in okutte iku yo.
eki-ni-tsuku	travel	eki ni tsuku	get to the station	7	0.04	5	KEPT c-eki-ni-tsuku			Not eki o tsuku or eki ni kita for 'I'm here': arriving is tsuku with ni, as in ima eki tsuita.
niku-o-yaku	food	niku o yaku	grill / cook meat	7	0.02	3	cut	less-common	Real set, but only 7 hits and judged 3/5. It is mostly yakiniku and BBQ talk.	English splits grill, roast, bake, toast and fry; Japanese uses yaku for all dry-heat cooking (pan o yaku = make toast).
kami-ga-nobiru	describing	kami ga nobiru	hair grows longer	7	0.01	3	cut	less-common	Means 'your hair's grown' ('kami nobita ne'). Real, but it only comes up now and then (judged 3).	Not kami ga sodatsu: hair grows = nobiru. 'Your hair's grown' is kami nobita ne.
shigoto-ga-tamaru	work-school	shigoto ga tamaru	work piles up	7	0.00	3	cut	less-common	A real complaint (shigoto tamatteru), but people say it less than the kept sets.	Not tsumoru (that's for snow): work, chores and laundry pile up with tamaru.
karada-o-kowasu	body	karada o kowasu	ruin one's health, make oneself ill (from overwork)	7	0.01	3	cut	less-common	A real warning about overwork, but said less than the kept health sets (judged 3/5).	English 'ruin your health' gives no verb; Japanese breaks the body: muri suru to karada kowasu yo.
nioi-ga-tsuku	clothes	nioi ga tsuku	a smell gets into (clothes, hair)	7	0.01	3	cut	less-common	Said after yakiniku or smoky places (nioi tsuita), but less often than the kept sets (7 hits).	A smell clinging to clothes tsuku (sticks), like shimi ga tsuku: yakiniku no nioi ga fuku ni tsuita.
suibun-o-toru	body	suibun o toru	stay hydrated, drink enough fluids	7	0.39	3	cut	less-common	Health-advice and news language more than casual chat.	Not suibun o nomu: you 'take in' fluids, suibun o toru, just as you say eiyou o toru for nutrition.
inshou-ni-nokoru	senses	inshou ni nokoru	stick in one's mind, be memorable	7	0.03	3	cut	less-common	Useful for 'the most memorable part was…' but only 7 hits and judged 3.	Not oboeyasui or kioku suru: 'the most memorable part was…' is ichiban inshou ni nokotta no wa…
kyuuryou-ga-agaru	work-school	kyuuryou ga agaru	get a pay rise / raise	7	0.04	3	cut	less-common	Real, but it comes up only occasionally. Count 7.	Not kyuuryou o morau, which is just 'get paid': a raise is the salary going up, kyuuryou agatta.
deeta-ga-kieru	media	deeta ga kieru	data gets lost / wiped	7	0.02	3	cut	narrow	Losing data is a one-off mishap, not a routine (7).	Not deeta o nakusu: files and photos disappear, kieru (shashin zenbu kiechatta). Kesu is deleting them yourself.
taijuu-ga-fueru	body	taijuu ga fueru	put on weight, gain weight	7	0.08	3	cut	less-common	In casual talk people say futotta instead.	Not taijuu o tsukeru or eru: weight is the subject and it increases, taijuu ga fueru. To lose weight is taijuu ga heru, or simply yaseru.
densha-ga-okureru	travel	densha ga okureru	the train is delayed	6	0.04	5	KEPT c-densha-ga-okureru			Not densha ga osoi: osoi means slow, and a train running late is okureteru. Switching ga to ni flips it to 'I missed the train'.
densha-ni-okureru	travel	densha ni okureru	miss the train	6	0.04	4	KEPT c-densha-ni-okureru			Not densha o misu shita or densha o nakushita: missing a train is ni okureru (casually also nogashita or noriokureta).
kuruma-ni-you	travel	kuruma ni you	get carsick	6	0.00	3	cut	narrow	One situation: getting motion sickness.	Not kuruma de byouki ni naru: motion sickness uses you, the verb for getting drunk (kuruma yoi, fune ni you).
eakon-o-tsukeru	home	eakon o tsukeru	turn on the air conditioner	6	0.19	4	cut	covered	Same tsukeru as denki o tsukeru; it carries straight over to the AC.	Same tsukeru as lights, and eakon o kakeru (run it) is equally natural; not on ni suru or mawasu.
taiko-o-tataku	hobbies	taiko o tataku	play the drums	6	0.50	3	cut	less-common	Rare in films (6 hits) and mostly about festival drums, rated 3.	Not taiko o hiku or suru: drums are hit, tataku, and a drum kit works the same way (doramu o tataku).
karada-ga-yowai	describing	karada ga yowai	be sickly, often ill	6	0.00	3	cut	less-common	Means 'be sickly, get ill a lot'. Real, but said less than the kept sets (judged 3).	Not 'sugu byouki ni naru hito' as the default: 'gets sick a lot' is karada ga yowai. Karada ga joubu is the sturdy opposite.
kabi-ga-haeru	home	kabi ga haeru	go mouldy, get mould	6	0.60	3	cut	less-common	Real but rare (6 hits); comes up mainly in the rainy season.	Not kabi ni naru: mould 'grows' the way hair does (haeru).
tairyoku-ga-aru	describing	tairyoku ga aru	have stamina, be fit	6	0.17	4	cut	maybe	People often say tairyoku aru / tairyoku nai about stamina and fitness (judged 4), and English has no matching noun phrase. Films undercount it.	There's no adjective for 'fit': stamina is something you have or lack (tairyoku aru, tairyoku nai).
yotei-ga-tsumaru	time-money	yotei ga tsumaru	have a packed schedule	6	0.01	3	cut	less-common	A nice image ('stuffed' schedule), but said less than yotei ga aru / hairu (judged 3).	Not just yotei ga ippai: a full schedule is 'stuffed' (tsumaru), like a blocked nose. Example: raishuu wa yotei ga tsumatteru.
shumi-ga-au	people	shumi ga au	have the same tastes, share interests	6	0.04	3	cut	less-common	Real (judged 3) but less frequent than the kept people sets.	English 'we share hobbies' points to a sharing verb, but Japanese says your tastes 'match' (au), as in saizu ga au.
kan-ga-ii	describing	kan ga ii	be perceptive, quick to catch on, have good instincts	6	0.06	3	cut	less-common	Means 'perceptive, quick to catch on'. Real, but said less than the kept sets (judged 3).	English 'sharp' leads to atama ga ii, which means clever. Picking up on things is kan ga ii.
netsu-o-dasu	body	netsu o dasu	run a fever, come down with a fever (of a person, often a child)	6	0.02	4	cut	covered	The same event as netsu ga deru on the list, told from the person's side.	Not netsu o morau: with the person as subject it is netsu o dashita (musuko ga netsu dashite). Netsu ga deta is the same event from the fever's side.
kata-ga-koru	body	kata ga koru	have stiff shoulders	5	0.02	4	KEPT c-kata-ga-koru			English uses the adjective 'stiff'; Japanese uses the verb koru: kata ga kotteru.
kaze-o-utsusu	body	kaze o utsusu	give someone your cold	5	0.03	3	cut	covered	The other side of kaze ga utsuru on the list (giving the cold instead of catching it).	Not kaze o ageru: you 'transfer' a cold, kaze o utsusu (kaze utsushichatta, gomen).
shiai-ni-makeru	hobbies	shiai ni makeru	lose a match	5	0.02	4	KEPT c-shiai-ni-makeru			Not shiai o nakusu: losing a contest is makeru (losing an object is nakusu), and it takes ni, never o (shiai ni maketa).
piano-o-narau	hobbies	piano o narau	take piano lessons	5	0.04	4	cut	maybe	Rated common (4). Talking about childhood lessons (piano naratteta) comes up a lot, though narau works with almost any skill.	Not piano o benkyou suru or ressun o toru: lessons with a teacher are narau (kodomo no koro piano naratteta).
tebukuro-o-hameru	clothes	tebukuro o hameru	put on / wear gloves	5	0.06	3	cut	less-common	A winter-only set, said far less than the kept ones (5 hits).	Not tebukuro o kiru: gloves 'fit on' (hameru), like rings; tebukuro o suru is also everyday.
michi-o-kiku	travel	michi o kiku	ask for directions	5	0.00	3	cut	less-common	Handy for asking the way, but rare in the counts (5 hits, judged 3).	Not michi o tanomu or michi o shitsumon suru: asking the way is kiku, the verb for listening.
jikan-ni-maniau	time-money	jikan ni maniau	make it in time	5	0.00	5	cut	covered	The low count comes from the tokenizer splitting ma ni au. densha ni maniau already teaches the verb.	Not jikan ni tsuku or dekiru: making it in time is maniau, with ni on the deadline or train (densha ni maniatta).
oyu-o-wakasu	home	oyu o wakasu	boil water	5	0.08	4	cut	maybe	Common at home (native rating 4/5, strong association), and the verb wakasu can't be guessed.	Not mizu o niru: you boil 'hot water' (oyu), and the verb is wakasu; niru is for cooking food.
oyu-ga-waku	food	oyu ga waku	the water boils	5	0.08	3	cut	less-common	Only 5 hits. 'Oyu waita' is heard at the kettle but is not a top daily set.	Intransitive half: 'the kettle's boiled' is oyu ga waita, not oyu ga wakashita.
hizashi-ga-tsuyoi	weather	hizashi ga tsuyoi	the sun is strong	5	0.36	3	cut	less-common	Said on hot summer days, but only 5 hits. People more often just say atsui.	Not taiyou ga tsuyoi or taiyou ga atsui: strong sun is hizashi (sunlight) ga tsuyoi.
hana-ga-tsumaru	body	hana ga tsumaru	have a stuffy nose	5	0.01	3	cut	less-common	Real cold symptom, but said less than a sore throat or runny nose (judged 3/5).	No 'stuffy' adjective: the nose clogs, hana ga tsumaru (hana tsumatteru).
shiken-ni-deru	work-school	shiken ni deru	be on the exam	5	0.03	3	cut	less-common	A useful student line (kore tesuto ni deru?), but it lives in exam season only.	A topic that's on the test 'comes out' in it, kore tesuto ni deru?, not shiken ni aru.
kami-ga-mijikai	describing	kami ga mijikai	have short hair	5	0.01	3	cut	less-common	Means 'have short hair', the partner of kami ga nagai. People say it less (judged 3).	Not kami ga hikui: hair length is mijikai. Hikui is only for height (se ga hikui).
mezamashi-ga-naru	home	mezamashi ga naru	the alarm goes off	5	0.38	3	cut	less-common	Native rating 3/5; the kept mezamashi o kakeru is said more.	Not mezamashi ga deru or ga iku: alarms, phones and bells ring with naru (鳴る), which sounds like naru, 'become'.
yogore-ga-ochiru	home	yogore ga ochiru	a stain or dirt comes out	5	0.05	3	cut	less-common	Native rating 3/5; stains rarely come up (5 hits).	Not yogore ga deru: stains 'fall off', so kono shimi ochinai. Removing them is yogore o otosu.
shimi-ga-tsuku	home	shimi ga tsuku	get a stain	5	0.12	3	cut	less-common	Native rating 3/5; stains rarely come up (5 hits).	Not shimi o morau: a stain 'attaches', so shimi tsuichatta. Getting it out uses ochiru.
atsugi-o-suru	clothes	atsugi o suru	dress warmly, wrap up	5	1.00	2	cut	not-a-collocation	This is the suru verb atsugi suru, and it's fairly uncommon too (judged 2).	Not just atatakai fuku o kiru: 'wrap up warm' is one noun, atsugi ('thick wearing'), plus suru.
onaka-ga-naru	body	onaka ga naru	one's stomach growls, rumbles	5	0.01	3	cut	less-common	A rumbling stomach comes up occasionally (judged 3/5).	The stomach rings: naru (鳴る), the verb for a phone or alarm, not the naru that means 'become'.
onaka-ga-deru	describing	onaka ga deru	get a belly, have a paunch	5	0.01	3	cut	less-common	Means 'get a belly' ('onaka dete kita'). Real, but only comes up now and then (judged 3).	English 'get a gut' or 'put on weight' gives no clue: the belly deru (sticks out), usually onaka dete kita.
botan-o-tomeru	clothes	botan o tomeru	do up (fasten) buttons	5	0.02	2	cut	less-common	Doing up buttons is rarely said (5 hits, judged 2).	Not botan o shimeru or kakeru: buttons are tomeru (fasten); undoing them is hazusu.
gyouretsu-ga-dekiru	food	gyouretsu ga dekiru	a queue forms, there's a line	5	0.23	3	cut	less-common	Only 5 hits. People more often just say 'naranderu' (people are lining up).	Not gyouretsu ga aru: a queue 'comes into being', gyouretsu ga dekiteru. Joining it is narabu.
kinniku-o-tsukeru	hobbies	kinniku o tsukeru	build muscle	5	0.09	3	cut	less-common	Gym and diet talk, rated 3, only 5 hits.	Not kinniku o tsukuru. Muscle is 'attached' with tsukeru, the transitive half of kinniku ga tsuku.
kaisha-ni-hairu	work-school	kaisha ni hairu	join a company, start working at a company	5	0.01	4	cut	maybe	How people say they joined a company (kaisha ni haitte sannen), a set films under-count (5). English pushes toward sanka suru.	English 'join a company' pushes to sanka suru (take part). Joining a firm, school or club is hairu: kaisha ni haitte sannen.
okane-o-orosu	time-money	okane o orosu	withdraw cash	4	0.00	4	KEPT c-okane-o-orosu			Not okane o toru: cash from the bank or ATM is orosu, 'bring down' (dasu also works casually).
ame-ga-tsuyoi	weather	ame ga tsuyoi	the rain is heavy	4	0.01	4	KEPT c-ame-ga-tsuyoi			Not omoi ame: heavy rain is strong rain, ame ga tsuyoi / tsuyoi ame (or ame ga hidoi). Omoi is only for weight.
shiken-ni-ukaru	work-school	shiken ni ukaru	pass an exam	4	0.03	4	KEPT c-shiken-ni-ukaru			Not shiken o pasu suru: passing is a verb English gives no hint of, ukaru, and the exam takes ni, not o (also daigaku ni ukatta).
mukae-ni-iku	travel	mukae ni iku	go to pick someone up	4	0.09	4	KEPT c-mukae-ni-iku			Not hirou or toru: you pick a person up by going 'to meet' them, mukae ni iku. When they come for you: mukae ni kuru.
meeru-o-kaesu	media	meeru o kaesu	reply to a message or email	4	0.00	4	KEPT c-meeru-o-kaesu			Not meeru ni kotaeru: replying to a text is kaesu, 'send back' (LINE kaeshite, henji kaesu). kotaeru is for answering questions.
keshou-o-otosu	clothes	keshou o otosu	take off makeup	4	0.05	3	cut	less-common	A real daily routine for people who wear makeup, but said less often than the kept sets (4 hits, judged 3).	Not keshou o nugu or toru: makeup is 'dropped' with otosu, the same verb used for dirt and stains.
michi-ga-suku	travel	michi ga suku	the roads are clear	4	0.00	3	cut	less-common	The opposite of the kept michi ga komu, but people mention heavy traffic far more often than clear roads.	Not michi ga karappo or michi ga hima: an uncrowded road or train is suiteru, the same suku as in onaka ga suku.
okane-ga-tamaru	time-money	okane ga tamaru	money builds up	4	0.00	3	cut	covered	The intransitive half of okane o tameru, and you learn it with that one.	When the money is the subject the verb is tamaru (okane tamattara = once I've saved up), not transitive tameru.
yotei-o-ireru	time-money	yotei o ireru	schedule something in	4	0.01	3	cut	less-common	The transitive of yotei ga hairu, and rarely heard (4, judged 3).	Not yotei o tsukuru or oku: you 'put in' a plan (raishuu ni ireta = I put it in for next week).
kami-o-kawakasu	home	kami o kawakasu	dry your hair	4	0.01	3	cut	less-common	Native rating 3/5; rarely said aloud (4 hits).	Not kami o kawaku or fuku: drying it yourself is the transitive kawakasu, while kami ga kawaku means it dries.
kion-ga-agaru	weather	kion ga agaru	the temperature rises	4	0.17	2	cut	less-common	Weather-forecast wording (4 hits). In conversation people say atsuku naru.	
seki-ga-deru	body	seki ga deru	have a cough	4	0.08	4	cut	maybe	Having a cough is one of the most common cold complaints ('seki ga tomaranai', judged 4/5). It only just missed.	'Cough' is a verb in English; in Japanese the cough comes out, seki ga deru (seki ga tomaranai).
hanamizu-ga-deru	body	hanamizu ga deru	have a runny nose	4	0.31	3	cut	maybe	A runny nose is a very common cold complaint ('hanamizu tomaranai'). It only just missed.	Not hana ga hashiru: 'nose water comes out', hanamizu ga deru.
kami-o-nobasu	describing	kami o nobasu	grow one's hair out	4	0.01	3	cut	less-common	Means 'grow your hair out'. Real, but people say it less (judged 3).	Not kami o sodateru: growing your hair out is nobasu ('lengthen'), e.g. ima kami nobashiteru.
nemuri-ga-asai	home	nemuri ga asai	sleep lightly, be a light sleeper	4	0.02	3	cut	less-common	Native rating 3/5; comes up only when talking about how you sleep.	Not karui nemuri: sleep is 'shallow', asai. Deep sleep is nemuri ga fukai.
koshi-ga-itai	body	koshi ga itai	one's (lower) back hurts	4	0.03	4	cut	maybe	Lower-back pain is a constant complaint in Japan (judged 4/5), and learners wrongly say senaka. It only just missed.	Not senaka ga itai: 'bad back' pain sits in the koshi (lower back and hips). Senaka is the upper back.
tsukare-ga-toreru	body	tsukare ga toreru	tiredness goes away, feel rested	4	0.09	4	cut	maybe	'Tsukare ga torenai' (I can't shake the tiredness) is a very common everyday complaint (judged 4/5). It only just missed.	Not tsukare ga naoru: tiredness 'comes off' (toreru). It isn't cured.
kizu-ga-tsuku	media	kizu ga tsuku	get scratched	4	0.00	3	cut	less-common	A real set for scratches on phones or cars, but it comes up rarely (4).	There's no verb for 'scratch': a scratch 'attaches' (kizu ga tsuku).
saifu-o-otosu	travel	saifu o otosu	lose your wallet (drop it somewhere)	4	0.02	4	cut	narrow	One mishap: losing your wallet or phone while you're out.	Not only nakusu: losing a wallet or phone while out is usually otosu ('drop'), and the police ask where you dropped it.
isha-ni-kakaru	body	isha ni kakaru	see a doctor	4	0.01	3	cut	covered	Same 'see a doctor' as byouin ni iku, which is on the list and is what people usually say.	Not isha o miru (that means looking at the doctor): to see a doctor is isha ni kakaru, or isha ni mite morau.
shashin-o-kesu	media	shashin o kesu	delete a photo	4	0.00	4	cut	less-common	"Keshite!" for a photo is real, and phone talk is under-counted (4), but it is said less than the kept phone sets.	Not sakujo suru in speech: 'delete that photo!' is sono shashin keshite. Kesu means erase as well as switch off.
mise-ga-dekiru	travel	mise ga dekiru	a new shop opens	4	0.01	3	cut	less-common	Real ('atarashii mise dekita'), but said less than the kept mise ga aku (judged 3).	Not mise ga aku (that's opening for the day): a shop that has just opened is atarashii mise ga dekita.
kusuri-o-nuru	body	kusuri o nuru	put on ointment, apply cream	4	0.00	3	cut	less-common	Putting on cream or ointment comes up only now and then (judged 3/5).	Not kusuri o nomu or tsukeru: creams, ointment and sunscreen are 'spread' on (nuru); nomu is only for swallowing.
konsento-o-nuku	home	konsento o nuku	unplug (it)	4	0.36	3	cut	less-common	Native rating 3/5; unplugging rarely comes up (4 hits).	English 'unplug' is one verb; Japanese pulls out the konsento (plug/socket). Plugging in is konsento ni sasu.
mushi-ga-deru	home	mushi ga deru	a bug turns up (in the house)	4	0.02	3	cut	narrow	One situation: a bug turning up indoors.	Not mushi ga iru for the moment of seeing it: pests (and ghosts) 'come out', gokiburi ga deta!
gohan-ni-suru	food	gohan ni suru	have a meal now, make it mealtime	4	0.03	4	cut	not-a-collocation	This is the general 'X ni suru' (go with X) pattern, as in koohii ni suru, not a set tied to gohan.	English 'let's eat' pushes to gohan o tabeyou. At home people say sorosoro gohan ni shiyou (let's switch to the meal), and ofuro ni suru? gohan ni suru? asks which comes first.
ippai-nomu	food	ippai nomu	have a drink	4	0.09	3	cut	less-common	Only 4 hits. The invitation is usually 'nomi ni ikanai?' rather than ippai nomu.	
densha-ni-maniau	travel	densha ni maniau	make the train in time	3	0.02	5	KEPT c-densha-ni-maniau			Not densha o tsukamaeru or densha o toru: making a train in time is ni maniau ('be in time for').
mezamashi-o-kakeru	home	mezamashi o kakeru	set an alarm	3	0.23	4	KEPT c-mezamashi-o-kakeru			Not mezamashi o oku or setto suru: alarms are kakeru'd, like locks and vacuum cleaners.
denki-ga-tsuku	home	denki ga tsuku	the light comes on	3	0.01	4	KEPT c-denki-ga-tsuku			Not denki o tsukeru when nobody's doing it: 'the light is on' is denki ga tsuiteru.
kasa-o-sasu	weather	kasa o sasu	put up an umbrella	3	0.05	3	KEPT c-kasa-o-sasu			Not kasa o tsukau, hiraku or motsu: holding an umbrella over yourself is sasu. Kasa o hiraku only means opening it, and kasa o motsu means carrying it.
juuden-ga-kireru	media	juuden ga kireru	battery dies, runs out	3	0.03	4	KEPT c-juuden-ga-kireru			Not shinu: the plain way to say a dead phone is juuden kireta ('the charge ran out'); sumaho shinda is only a joke.
nekutai-o-shimeru	clothes	nekutai o shimeru	put on a tie	3	0.03	2	cut	less-common	Tying a tie is rarely talked about (3 hits, judged 2). Most people just say nekutai shiteru.	Not nekutai o kiru: a tie is 'tightened' with shimeru, which sounds like shimeru 'close'. Wearing one is just nekutai shiteru.
densha-ga-tomaru	travel	densha ga tomaru	the train stops	3	0.02	4	cut	less-common	Real ('densha tomatteru' after an accident), but the kept densha ga okureru covers the more common talk about disruptions.	Not densha ga yameru: yameru is quitting. A train stopping (at a station, or halted) is tomaru.
aji-o-miru	food	aji o miru	taste (to check seasoning)	3	0.01	3	cut	narrow	Only used for tasting while you cook. Many people just say ajimi suru.	Checking the seasoning is aji o miru ('look at the taste') or ajimi suru; ajiwau means savour.
netsu-o-hakaru	body	netsu o hakaru	take one's temperature	3	0.01	3	cut	less-common	Real 'take your temperature', but said less than the kept fever sets (judged 3/5).	Not netsu o toru: you 'measure' a fever, netsu o hakaru (netsu hakatta?).
ashi-ga-shibireru	body	ashi ga shibireru	one's foot / leg falls asleep	3	0.00	3	cut	less-common	Mostly heard after sitting seiza (judged 3/5).	Not ashi ga neru or nemuru: a numb, tingling foot is shibireru.
eakon-ga-kiku	home	eakon ga kiku	the AC is working (cooling or heating properly)	3	0.09	3	cut	less-common	Native rating 3/5; mainly said when the AC isn't keeping up (eakon kiitenai).	Not ugoku: for an AC that is running but not cooling, Japanese says it doesn't kiku (take effect), as in kusuri ga kiku. Usually eakon kiitenai.
netto-ni-noru	media	netto ni noru	be online, be posted on the internet	3	0.01	3	cut	less-common	"Netto ni notteru" ("it's online") is real, but much rarer than the kept internet set (3).	Not netto ni aru: being posted or listed is noru (載る), the same sound as getting on a train. Usually netto ni notteru.
karada-ga-darui	body	karada ga darui	feel heavy and run-down, feel sluggish	3	0.00	4	cut	maybe	The usual way to describe feeling heavy and achy when a cold is coming on (judged 4/5). It only just missed.	Not just tsukareta: the heavy, achy feeling of a cold coming on is karada ga darui.
fuku-o-tatamu	home	fuku o tatamu	fold clothes	3	0.00	3	cut	maybe	A daily chore with a verb you can't guess (tatamu); pairs with the kept fuku o kiru and fuku o nugu.	Not oru, which is for paper or snapping something. Clothes, laundry, futons and umbrellas are tatamu.
tsukare-o-toru	body	tsukare o toru	shake off tiredness, rest up	3	0.07	3	cut	less-common	The 'do it' side of tsukare ga toreru, and said less often than that one.	English 'rest up / recover' has no noun. Japanese 'takes off' the tiredness: onsen de tsukare o toru, yukkuri yasunde tsukare totte ne.
taifuu-ga-kuru	weather	taifuu ga kuru	a typhoon is coming, a typhoon hits	3	0.38	3	KEPT c-taifuu-ga-kuru			English 'a typhoon hits' pushes to ataru or utsu. Japanese says the typhoon comes: ashita taifuu kuru rashii yo.
paama-o-kakeru	describing	paama o kakeru	get a perm	3	0.75	2	cut	narrow	Means 'get a perm' and only comes up at the hair salon (judged 2).	Not paama o suru or morau: a perm takes kakeru, like an iron (airon o kakeru). At the salon it is paama o kakete morau.
yoi-ga-mawaru	food	yoi ga mawaru	the alcohol kicks in; start to feel drunk	3	0.05	3	cut	less-common	Only 3 hits and judged 3/5. It is a nice drinking phrase but not a top one.	English 'it's hitting me' has no verb a learner could map. Feeling the drink kick in is yoi ga mawaru, also osake ga mawaru.
densha-o-oriru	travel	densha o oriru	get off the train	0		5	KEPT c-densha-o-oriru			Not densha kara deru or densha ni oriru: getting off is oriru, with the vehicle marked by o (or kara).
gohan-ga-sameru	food	gohan ga sameru	the food gets cold	0		4	cut	maybe	'Samenai uchi ni tabete' (eat it before it gets cold) is a constant at the family table (judged 4/5), and it is already written.	Not samuku naru or tsumetaku naru: hot food or drink cooling off is sameru; samui is for weather and people.
osake-ga-yowai	food	osake ga yowai	can't hold one's drink	0		4	KEPT c-osake-ga-yowai			Not osake o motenai: low tolerance is 'weak at alcohol' (osake ga/ni yowai).
aji-ga-usui	food	aji ga usui	bland, under-seasoned	0		4	KEPT c-aji-ga-usui			Not aji ga yowai or aji ga nai: food short on salt is usui (thin), the same word as weak coffee.
koi-koohii	food	koi koohii	strong coffee	0		3	cut	less-common	Already written, but judged 3/5. Strong coffee is ordered or remarked on less often than the kept food sets.	Not tsuyoi koohii: coffee, tea and flavour are koi (dense) or usui (thin); tsuyoi is for alcohol.
onaka-ga-ippai	body	onaka ga ippai	be full (after eating)	0		5	KEPT c-onaka-ga-ippai			Not watashi wa ippai: the stomach is what's full, onaka ippai.
kaze-ga-utsuru	body	kaze ga utsuru	catch someone's cold	0		4	KEPT c-kaze-ga-utsuru			Catching it from a person is kaze ga utsuru, not kaze o hiku (utsuru kara chikazukanaide).
sumaho-o-ijiru	media	sumaho o ijiru	be on your phone	0		4	KEPT c-sumaho-o-ijiru			Not tsukau or asobu: idly being on your phone is sumaho o ijiru ('fiddle with'); tsukau means using it for a task.
geemu-ni-hamaru	hobbies	geemu ni hamaru	get hooked on games	0		4	KEPT c-geemu-ni-hamaru			'Be into / hooked on' has no verb to translate, so learners fall back on suki desu. The native way is X ni hamatteru, with ni.
undou-shinkei-ga-ii	describing	undou shinkei ga ii	be athletic	0		4	cut	maybe	The standard way to call someone athletic, and very common in everyday talk (judged 4). Films just undercount it. It was already written up.	There is no adjective for 'athletic': say undou shinkei ga ii ('motor nerves are good'), not supootsu ga jouzu.
warikan-ni-suru	time-money	warikan ni suru	split the bill (evenly)	0		4	KEPT c-warikan-ni-suru			Not kanjou o wakeru: splitting the bill is the noun warikan + ni suru, literally 'make it warikan'. Warikan de ii? is the usual question.
mise-ga-shimaru	time-money	mise ga shimaru	a shop closes (for the day)	0		4	KEPT c-mise-ga-shimaru			Not mise ga tojiru: closing time is shimaru, as in mou shimatteru ('it's already closed'). Mise o shimeru is the owner closing up, and mise o tatamu is closing down for good.
konbini-ni-yoru	travel	konbini ni yoru	stop by the convenience store	0		4	KEPT c-konbini-ni-yoru			Not konbini ni tomaru, which means staying the night there: dropping in on the way is yoru.
heya-ga-chirakaru	home	heya ga chirakaru	the room gets messy	0		4	cut	maybe	heya chirakatteru is said all the time at home (native rating 4/5); films just miss it.	Not heya ga kitanai for clutter: messy is chirakatteru, and kitanai means dirty.
mise-ga-komu	food	mise ga komu	the place is crowded / packed	0		5	KEPT c-mise-ga-komu			Not just mise ga ippai or hito ga ooi: busy restaurants and trains are konderu, and the opposite is suiteru.
asagohan-o-nuku	food	asagohan o nuku	skip breakfast	0		3	cut	maybe	'Asagohan nuita' (I skipped breakfast) is everyday talk, and nuku works for any meal. Already written; the film corpus misses it.	English 'skip' pushes toward tobasu. Meals are 'pulled out': asagohan nuita (any meal works).
toshi-ga-ue	describing	toshi ga ue	be older (than someone)	0		4	cut	maybe	How people say 'older than me', and age gaps come up constantly in Japan (judged 4). It was already written up; films undercount it.	Not furui (things only) or ookii: 'older than me' is watashi yori toshi ga ue (toshiue), and younger is toshishita.
kotoba-ga-tsuujiru	people	kotoba ga tsuujiru	make yourself understood; speak the same language	0		3	cut	less-common	Useful for a learner but judged 3; was in the current list.	Not wakaru: being understood in a language is tsuujiru, usually with the language as the subject (eigo tsuujiru?, nihongo ga tsuujita).
akusesarii-o-tsukeru	clothes	akusesarii o tsukeru	wear jewellery / accessories	0		2	cut	less-common	Real, but people usually name the item (piasu shiteru) rather than say accessories (judged 2).	Not akusesarii o kiru: earrings, necklaces and badges take tsukeru, or just suru (piasu shiteru).
kontakuto-o-ireru	clothes	kontakuto o ireru	put in contact lenses	0		2	cut	narrow	Only comes up for people who wear contact lenses (judged 2).	Not kontakuto o kakeru like glasses: lenses go in with ireru and come out with hazusu or toru.
mafuraa-o-suru	clothes	mafuraa o suru	wear a scarf	0		2	cut	less-common	A winter-only set, said much less than the kept ones (judged 2).	Not mafuraa o kiru: a scarf takes suru (mafuraa shiteru), or maku 'wrap' for the act of putting it on.
kami-o-musubu	clothes	kami o musubu	tie one's hair up	0		3	cut	less-common	Tying your hair up is real but said less than the kept sets. Many people say kami shibaru or matomeru instead.	English 'put your hair up' doesn't carry over; the verb is musubu 'tie' (casually kami shibaru or matomeru).
shuuden-ga-nakunaru	travel	shuuden ga nakunaru	miss the last train	0		3	cut	narrow	One situation: missing the last train home (judged 3).	Not shuuden o misu suru: Japanese says the last train 'is gone', as in shuuden nakunatchau!
nimotsu-o-azukeru	travel	nimotsu o azukeru	leave your bags	0		3	cut	narrow	Only at hotels, lockers and check-in desks.	Not nimotsu o oku or nimotsu o nokosu: handing bags over to be kept (hotel, locker, airport check-in) is azukeru. Leaving them behind by mistake is wasureru.
densha-ga-deru	travel	densha ga deru	the train leaves	0		4	cut	maybe	An everyday timetable question (tsugi no densha nanji ni deru?); judged 4, and only missing from the counts because films rarely show Japanese trains.	Not densha ga hanareru or densha ga saru: a train or bus leaving is just deru, as in tsugi no densha nanji ni deru?
soujiki-o-kakeru	home	soujiki o kakeru	vacuum (the floor)	0		3	cut	maybe	The standard way to say vacuum (native rating 3/5), a daily chore that films never show.	English 'vacuum' is a verb, but Japanese says soujiki o kakeru, not soujiki suru or soujiki o tsukau.
sentakumono-o-hosu	home	sentakumono o hosu	hang out the laundry	0		4	KEPT c-sentakumono-o-hosu			Not kakeru or tsurusu: laundry put out to dry is hosu, and the noun is sentakumono (the clothes), not sentaku.
neguse-ga-tsuku	home	neguse ga tsuku	get bed head	0		3	cut	narrow	One situation: bed head in the morning.	No English verb leads here: bed hair 'sticks on' (neguse ga tsuku), as in neguse tsuiteru yo.
sentakuki-o-mawasu	home	sentakuki o mawasu	run the washing machine	0		3	cut	less-common	Native rating 3/5; most people just say sentaku suru.	Not sentakuki o hashiraseru or ugokasu: you 'spin' (mawasu) the washer.
gohan-o-taku	food	gohan o taku	cook rice	0		3	cut	less-common	Heard in households with a rice cooker, but judged 3/5, below the kept meal sets.	Not gohan o ryouri suru or niru: rice has its own verb, taku.
osake-ni-you	food	osake ni you	get drunk	0		3	cut	not-a-collocation	People almost always say just 'yotta' or 'yopparatta'. The osake ni part is rarely spoken.	There is no 'get' to translate: it is the verb you, and the drink takes ni (not o).
osake-ga-tsuyoi	food	osake ga tsuyoi	can hold one's drink	0		3	cut	maybe	The other half of the kept osake ga yowai. 'Osake tsuyoi ne' is a standard drinking-party remark.	Not osake o takusan moteru: a heavy drinker is 'strong at alcohol'; with the drink as topic (kono osake wa tsuyoi) it means the drink is strong.
aji-ga-koi	food	aji ga koi	strongly seasoned, rich	0		3	cut	maybe	The other half of the kept aji ga usui. 'Aji koi' (too strongly seasoned) is said about food just as often.	Not aji ga tsuyoi: heavy salt or sauce flavour is koi.
shouyu-o-kakeru	food	shouyu o kakeru	put soy sauce on	0		3	cut	less-common	Real table set, judged 3/5. Useful mainly for knowing that sauces take kakeru.	Not shouyu o oku or ireru: sauce poured over food is kakeru (also mayo, dressing, sauce).
gohan-ga-takeru	food	gohan ga takeru	the rice is done	0		2	cut	narrow	Only for the moment the rice cooker finishes (judged 2/5).	The rice cooker finishing is gohan ga taketa; gohan ga dekita means the whole meal is ready.
niku-ga-yakeru	food	niku ga yakeru	the meat is done	0		3	cut	narrow	Mostly heard at yakiniku or a BBQ while checking the meat.	Meat being cooked through is yakeru ('it got grilled'), not niku ga dekita.
tenki-yohou-ga-hazureru	weather	tenki yohou ga hazureru	the forecast is wrong	0		3	cut	less-common	A real everyday grumble, but you'd say it less often than the kept rain, wind and weather sets.	A forecast doesn't machigaeru (that is a person's mistake) or chigau. It misses, hazureru, or hits, ataru.
tenki-ga-kuzureru	weather	tenki ga kuzureru	the weather turns bad	0		2	cut	less-common	Mostly forecast and news wording. In conversation people say ame furisou or tenki warui.	English 'the weather turns/breaks' points to kawaru or kowareru. Worsening weather 'crumbles': kuzureru.
tsuyu-ni-hairu	weather	tsuyu ni hairu	the rainy season starts	0		2	cut	narrow	Japan-specific, but it only comes up once a year when the rainy season starts.	English has no verb for it: the rainy season is 'entered', tsuyu ni hairu, and when it ends it 'opens', tsuyu ga akeru.
niji-ga-deru	weather	niji ga deru	a rainbow appears	0		2	cut	less-common	Rainbows are occasional, so this comes up rarely. It's judged uncommon.	English 'there's a rainbow' points to niji ga aru. A rainbow comes out: niji ga deru (or niji ga kakaru).
me-ga-tsukareru	body	me ga tsukareru	eyes get tired	0		3	cut	less-common	Easy to guess and said only now and then, e.g. after screens (judged 3/5).	Guessable; only the tense trips people: tired eyes now is me ga tsukareta / tsukareteru.
ashi-o-kujiku	body	ashi o kujiku	sprain one's ankle	0		2	cut	less-common	Spraining your ankle is uncommon to talk about (judged 2/5).	The ankle isn't named: you sprain the ashi, ashi o kujiku (ashi kujiita), or nenza shita.
oto-o-ookiku-suru	media	oto o ookiku suru	turn the volume up	0		4	cut	maybe	The everyday way to ask for the volume up (judged 4), and English has no matching verb. It is missing from films only because of how they are counted.	There is no 'turn up' verb: volume up is oto o ookiku suru ('make the sound big') and down is chiisaku suru; oto o ageru / sageru also work.
shashin-ga-toreru	media	shashin ga toreru	a photo comes out (well)	0		4	cut	covered	Just the "can be taken" form of the kept shashin o toru ("yoku toreteru").	Not deru: 'it came out nice' is kirei ni toreta / yoku toreteru (it got taken well).
apuri-o-ireru	media	apuri o ireru	install an app	0		3	cut	less-common	Installing an app is real and common on phones, but it is said less than the kept phone sets (judged 3).	Not just insutooru suru: everyday 'get the app' is apuri o ireru ('put in'); deleting it is kesu.
shashin-o-ageru	media	shashin o ageru	post a photo online	0		3	cut	narrow	Only for posting on social media. It is a narrower use of ageru than the kept photo set.	Not okuru: okuru sends to a person; putting a photo up online is ageru ('raise') or appu suru, as in insuta ni ageta.
gamen-ga-wareru	media	gamen ga wareru	the screen cracks	0		3	cut	narrow	A cracked screen happens once in a while. It is a single mishap, not something said every day.	Not kowareru: a cracked screen wareru ('splits'); kowareru means the phone stopped working.
douga-o-toru	media	douga o toru	film a video	0		3	cut	covered	Same toru as the kept shashin o toru, used for phone videos.	For a phone or online video the everyday word is douga; bideo suggests a camcorder or tape. The verb is the same toru as for photos.
waifai-ga-tobu	media	waifai ga tobu	Wi-Fi is available	0		3	cut	narrow	A fun phrase, but only for asking about Wi-Fi in a place, and "waifai aru?" works just as well.	waifai aru? is fine, but natives often ask waifai tonderu? ('is Wi-Fi flying?'), which is opaque if you only know tobu as 'fly'.
shukudai-ga-deru	work-school	shukudai ga deru	get homework (assigned)	0		3	cut	less-common	Real (shukudai deta), but students say it less often than shukudai o suru / dasu.	Not shukudai o morau: homework 'comes out', shukudai ga deta (we got homework). It is the intransitive half of shukudai o dasu.
kyuuryou-ga-hairu	work-school	kyuuryou ga hairu	get paid	0		3	cut	less-common	A real payday line (kyuuryou haitta), but it comes up only once a month.	'I got paid' is the pay 'coming in', kyuuryou haitta (or kyuuryou ga deta), not a passive of harau.
iro-ga-shiroi	describing	iro ga shiroi	be fair-skinned	0		3	cut	less-common	Means 'fair-skinned'. Real and a useful trap, but people say it less often (judged 3).	Not 'shiroi hito', which reads as 'a white person': fair skin is iro ga shiroi ('colour is white'). Iro ga kuroi means tanned.
futon-o-shiku	home	futon o shiku	lay out the futon (make up the bed)	0		3	cut	less-common	Native rating 3/5; many homes now use beds.	Not futon o tsukuru or futon o oku: you spread bedding out with shiku. Putting it away is futon o tatamu (fold) or shimau.
ofuro-o-wakasu	home	ofuro o wakasu	run / heat the bath	0		3	cut	less-common	Native rating 3/5; a home routine, but said less than ofuro ni hairu.	Nothing in English 'run a bath' points to wakasu: Japanese heats the bath, the same verb as oyu o wakasu. When it's ready: ofuro waita yo. Ofuro o ireru is also heard.
okane-o-kuzusu	time-money	okane o kuzusu	break a large note (into change)	0		3	cut	narrow	Only for breaking a large note into change.	Not okane o kowasu or waru: breaking a note into change is kuzusu, 'crumble'. For example, ichiman en kuzushite moraemasu ka.
sukikirai-ga-ooi	food	sukikirai ga ooi	be a picky eater	0		3	cut	less-common	People more often ask 'sukikirai aru?' or say 'sukikirai nai'. The ooi form is less frequent.	There's no adjective for 'picky': it's 'many likes and dislikes', sukikirai ga ooi (or ga hageshii). Not picky at all: sukikirai nai.
tamago-o-yuderu	food	tamago o yuderu	boil an egg	0		2	cut	narrow	Cooking-only, judged 2/5.	Not tamago o wakasu: wakasu is for boiling water. Cooking food in boiling water (eggs, pasta, noodles) is yuderu.
sumaho-ga-katamaru	media	sumaho ga katamaru	the phone freezes / hangs	0		3	cut	narrow	Only for a frozen phone or computer screen.	Not sumaho ga kooru: kooru is ice. A frozen screen 'hardens' with katamaru. Furiizu suru is also heard.
kafun-ga-tobu	weather	kafun ga tobu	pollen is in the air (hay-fever season)	0		3	cut	narrow	Very common in Japan, but only in hay-fever season and only about that one topic.	English 'the pollen count is high' has nothing to translate. Japanese pollen 'flies' with tobu: kafun tonderu ne.
isha-ni-mite-morau	body	isha ni mite morau	see a doctor, get checked by a doctor	0		4	cut	covered	Same idea as byouin ni iku on the list. People usually just say they're going to the clinic.	Not isha o miru, which means you look at the doctor. The doctor looks at you: isha ni mite morau.
ji-ga-kirei	describing	ji ga kirei	have neat handwriting	0		3	cut	less-common	Means 'have neat handwriting'. Real, but it only comes up when someone sees your writing (judged 3).	You don't need a word for 'handwriting': say ji ga kirei or ji ga kitanai (the characters are neat or messy).
sumaho-ga-kowareru	media	sumaho ga kowareru	my phone broke	0		4	cut	not-a-collocation	Kowareru is the default "break" for any device, so this is a free combination. The intransitive form is a note, not a set.	Not sumaho o kowashita, unless you broke it: 'my phone broke' is intransitive, sumaho kowareta.
gohan-ga-dekiru	food	gohan ga dekiru	the meal is ready	0		4	KEPT c-gohan-ga-dekiru			Not gohan ga junbi da: 'dinner's ready!' is gohan dekita yo (dekiru = come into being).
nikibi-ga-dekiru	body	nikibi ga dekiru	get a pimple	0		3	cut	less-common	Getting a pimple comes up occasionally (judged 3/5).	Not nikibi o morau: spots, rashes and blisters 'form', so nikibi dekichatta.
shouyu-o-tsukeru	food	shouyu o tsukeru	dip in soy sauce	0		3	cut	narrow	Dipping in soy sauce: mostly sushi and sashimi talk.	Dipping is tsukeru, pouring over is kakeru: sushi ni shouyu tsukeru, but toufu ni shouyu kakeru.
shiitoberuto-o-shimeru	travel	shiitoberuto o shimeru	fasten one's seatbelt	0		3	cut	narrow	Only used when getting into a car or onto a plane.	Not tsukeru or kiru: belts and ties are shimeru ('tighten'). Casually, shiitoberuto shite.
ofuro-kara-agaru	home	ofuro kara agaru	get out of the bath	0		4	cut	less-common	Native rating 4/5 and heard as ofuro agatta?, but said less than ofuro ni hairu.	English 'get out' pushes toward deru. Families say ofuro agatta? ('came up out of the bath').
uchi-ni-agaru	home	uchi ni agaru	come in (to someone's home)	0		3	cut	narrow	One situation: inviting a guest in (douzo agatte).	Not uchi ni hairu: you step up into a home, so 'come on in' is douzo agatte.
uchi-made-okuru	people	uchi made okuru	take, walk or drive someone home	0		4	cut	maybe	Everyday set (judged 4; films miss it): okutte iku yo, 'I'll walk you home'.	Not tsurete iku: seeing someone home is okuru ('send'), so okutte iku yo, or eki made okuru.
megusuri-o-sasu	body	megusuri o sasu	put in eye drops	0		2	cut	narrow	Only for eye drops.	Not megusuri o ireru or nomu: eye drops take sasu, the same verb as kasa o sasu.
gohan-o-nokosu	food	gohan o nokosu	leave food (uneaten)	0		3	cut	less-common	Heard with kids and at restaurants, but judged 3/5, below the kept sets.	Not gohan o oku: leaving food on your plate is nokosu, as in nokoshite ii? or nokosanaide.
koe-ga-kareru	body	koe ga kareru	lose one's voice, get hoarse	0		3	cut	less-common	Losing your voice comes up occasionally, e.g. after karaoke (judged 3/5).	Not koe o nakusu: a hoarse voice 'withers', as in karaoke de koe kareta.
hiyakedome-o-nuru	weather	hiyakedome o nuru	put on sunscreen	0		3	cut	narrow	Only comes up for summer, beach or outdoor days. Its useful bit (nuru for creams) carries over to other lotions.	Not kiru or tsukeru: creams and lotions are spread on, so nuru (the paint verb).
atsusa-ni-yowai	weather	atsusa ni yowai	can't take the heat	0		3	cut	maybe	'I can't take the heat' and samusa ni yowai ('I can't take the cold') are common personal remarks. It works like the kept osake ga yowai.	Not atsui ga dame: 'I can't take heat (or cold)' is atsusa ni yowai / samusa ni yowai. It's the osake ga yowai idea with ni.
tsuyu-ga-akeru	weather	tsuyu ga akeru	the rainy season ends	0		3	cut	narrow	Japan-specific, but it only comes up once a year when the rainy season ends.	Not tsuyu ga owaru: the rainy season 'opens out' (akeru), the same akeru as yo ga akeru (day breaks).
kushami-ga-deru	body	kushami ga deru	sneeze	0		3	cut	less-common	Sneezing rarely needs saying (judged 3/5).	English has a verb, but in Japanese a sneeze 'comes out' (kushami ga deru); kushami o suru also works.
ashi-ga-tsuru	body	ashi ga tsuru	get a cramp in one's leg	0		2	cut	less-common	Leg cramps come up only now and then (judged 2/5).	Not ashi ni kuranpu ga aru: a cramping leg 'tsuru' (pulls tight). It's usually said in the past: ashi tsutta!
bansoukou-o-haru	body	bansoukou o haru	put on a plaster / band-aid	0		3	cut	less-common	Putting on a plaster comes up only after small cuts (judged 3/5).	Not bansoukou o kiru or kakeru: anything stuck on flat (plasters, compresses, stickers, posters) is haru.
mizu-o-dasu	home	mizu o dasu	turn on the tap / the water	0		3	cut	less-common	Native rating 3/5; said less than the kept sets.	Not mizu o tsukeru: tsukeru is for lights and power, while water is 'let out' (dasu).
sentakumono-o-torikomu	home	sentakumono o torikomu	bring in the laundry	0		3	cut	less-common	Native rating 3/5; the other half of the kept sentakumono o hosu, said less often.	Not sentakumono o ireru or motte kuru: laundry is 'taken in' (torikomu). Example: ame futte kita, sentakumono torikonde!
suicchi-o-ireru	home	suicchi o ireru	switch on	0		3	cut	less-common	Native rating 3/5; said less than denki o tsukeru and dengen o kiru.	Switches are 'put in' (ireru) to turn on and 'cut' (kiru) to turn off, not tsukeru and kesu.
osake-o-tsugu	food	osake o tsugu	pour a drink (for someone)	0		3	cut	narrow	Pouring drinks for others mainly comes up at drinking parties and work dinners.	Not osake o ireru: ireru is for making tea and coffee, while pouring into someone's glass is tsugu.
kanojo-ni-furareru	people	kanojo ni furareru	get dumped by one's girlfriend	0		3	cut	less-common	Casual and real (furareta, judged 3) but less frequent than the kept sets.	Japanese has no verb for 'dump': you get 'shaken off' (furu, passive furareru), as in kanojo ni furareta. Don't confuse it with ame ni furareru.
denwa-ga-tooi	media	denwa ga tooi	can't hear (the caller) well	0		2	cut	less-common	A polite stock phrase for a bad line (judged 2). Most people just say yoku kikoenai.	Not just yoku kikoenai: the set phrase is 'the phone is far', as in chotto denwa ga tooi n desu ga.
mezamashi-o-tomeru	home	mezamashi o tomeru	turn off the alarm	0		4	cut	less-common	Native rating 4/5 but said less than mezamashi o kakeru; often just tomete.	English 'turn off' leads to kesu; a ringing alarm is stopped: tomeru.
tsukare-ga-tamaru	body	tsukare ga tamaru	get worn out, tiredness builds up	0		4	cut	less-common	Common enough (judged 4/5), but tsukareta covers most uses. It works the same way as sutoresu ga tamaru on the list.	English 'worn out' gives only tsukareta; built-up tiredness is a noun that tamaru (piles up), like sutoresu ga tamaru.
akubi-ga-deru	body	akubi ga deru	yawn	0		3	cut	less-common	Yawning rarely needs saying (judged 3/5).	English 'yawn' is one verb; Japanese is a noun that deru (comes out), or akubi o suru.
shakkuri-ga-deru	body	shakkuri ga deru	get the hiccups	0		2	cut	less-common	Hiccups rarely come up (judged 2/5).	Not shakkuri ga aru: hiccups deru, and 'I can't stop hiccupping' is shakkuri ga tomaranai.
kasa-o-tatamu	weather	kasa o tatamu	close (fold up) an umbrella	0		3	cut	less-common	You say this much less than kasa o sasu, which is kept. Folding an umbrella rarely needs saying.	Not kasa o shimeru: an umbrella is folded, tatamu; opening it is sasu (or hiraku).
sentakumono-o-tatamu	home	sentakumono o tatamu	fold the laundry	0		3	cut	less-common	Same tatamu as fuku o tatamu (a maybe); the chore version is said less.	Not oru: oru is for folding paper (origami) or breaking things; clothes and laundry are tatamu.
apuri-ga-ochiru	media	apuri ga ochiru	an app crashes	0		3	cut	narrow	Only for crashing apps, and it comes up only now and then.	Not butsukaru: a crashing app ochiru (falls); a frozen one katamaru.
ofuro-ga-waku	home	ofuro ga waku	the bath is ready (heated)	0		3	cut	less-common	ofuro waita yo is a family phrase (native rating 3/5) but said less than ofuro ni hairu.	Not ofuro ga dekiru: a bath that is ready waku (heats up). The bath panel announces ofuro ga wakimashita.
kuma-ga-dekiru	body	kuma ga dekiru	get dark circles under one's eyes	0		3	cut	less-common	Dark circles under the eyes come up only occasionally (judged 3/5).	Dark circles are a noun, kuma, and they dekiru (form), like nikibi ga dekiru.
gokiburi-ga-deru	home	gokiburi ga deru	a cockroach shows up, there's a cockroach	0		3	cut	narrow	One situation: a cockroach turning up (gokiburi deta!).	Not gokiburi ga iru for one that has just appeared: pests (and ghosts) deru. The usual cry is gokiburi deta!
tabemono-ni-ataru	food	tabemono ni ataru	get food poisoning (from something)	0		2	cut	less-common	Food poisoning does not come up often (judged 2/5).	English 'get food poisoning' gives no verb; Japanese is 'hit by' the food: kaki ni atatta.
kinniku-ga-tsuku	hobbies	kinniku ga tsuku	build muscle, get more muscular	0		3	cut	less-common	Rated 3, no film hits. Mostly heard in fitness talk.	Not kinniku o tsukuru: muscle tsuku (attaches); building it on purpose is kinniku o tsukeru.
infuru-ni-kakaru	body	infuru ni kakaru	come down with the flu	0		3	cut	less-common	Common in flu season but seasonal (judged 3/5). Worth knowing that named illnesses take ni kakaru.	Not infuru o hiku (hiku goes with kaze only): named illnesses take ni kakaru (infuru ni kakatta, korona ni kakatta).
shigoto-ga-ochitsuku	work-school	shigoto ga ochitsuku	things quieten down at work	0		3	cut	less-common	Real ('things calm down at work'), but it comes up only occasionally.	Not shigoto ga hima ni naru or shizuka ni naru: a busy stretch 'settles' (ochitsuku), the same verb as calming yourself down.
shigoto-ni-owareru	work-school	shigoto ni owareru	be swamped with work	0		3	cut	less-common	A set phrase ('swamped'), but people say it less than the kept sets.	English 'swamped' or 'snowed under' gives no verb: Japanese says you're 'chased by work' (owareru, the passive of ou).
tenki-ni-naru	weather	tenki ni naru	turn out fine, clear up (the weather)	0		3	cut	less-common	Heard in 'ashita tenki ni naru kana', but people more often say hareru ('clear up').	Not 'become weather': here tenki alone means fine weather (ashita tenki ni naru kana = hope it's nice tomorrow).
konsento-ni-sasu	media	konsento ni sasu	plug (something) in	0		3	cut	less-common	Plugging in is real, but most people say juuden suru or name the device (judged 3).	Not ireru or tsunagu: plugs go in with sasu and come out with konsento o nuku. Konsento is the wall socket, not 'consent'.
megane-ga-kumoru	clothes	megane ga kumoru	your glasses fog up	0		3	cut	narrow	Only for one moment: glasses fogging up in the cold or under a mask.	There's no fog word: glasses 'cloud over' with the same verb as the sky (kumoru).
kidoku-ga-tsuku	media	kidoku ga tsuku	a message shows as read	0		3	cut	narrow	Specific to LINE read receipts, so it fits one app and one situation.	English 'it says read' has no noun: on LINE the read mark 'attaches' (kidoku ga tsuku), and reading without replying is kidoku suruu.
kuuki-o-irekaeru	home	kuuki o irekaeru	air out a room, let fresh air in	0		3	cut	less-common	Native rating 3/5; said less than mado o akeru, which usually goes with it.	English 'air out' has no Japanese match: you 'swap the air' (irekaeru), usually after opening a window.
hana-ga-chiru	weather	hana ga chiru	blossoms fall, petals scatter	0		2	cut	less-common	Mostly about sakura petals in the week or two after they bloom, and it's judged uncommon.	Not hana ga ochiru: scattering petals (above all sakura) chiru (sakura mou chitchatta).
shifuto-ni-hairu	work-school	shifuto ni hairu	work a shift, be on the rota	0		3	cut	narrow	Shift and part-time work only.	Not shifuto o suru: you 'enter' a shift, shifuto ni hairu (ashita shifuto haitteru).
demae-o-toru	food	demae o toru	order food delivery	0		2	cut	less-common	Older-sounding (judged 2/5). Younger people say Uubaa tanomu.	Not demae o chuumon suru or kau: you 'take' delivery, demae o toru. Younger people also say uubaa tanomu.
shoku-ga-hosoi	describing	shoku ga hosoi	be a small eater, not eat much	0		2	cut	less-common	Means 'be a small eater'. Real, but uncommon (judged 2).	Not taberu no ga sukunai or chiisai: a small eater's eating is 'thin', shoku ga hosoi.
juudenki-o-sasu	media	juudenki o sasu	plug in the charger	0		3	cut	less-common	Real, but everyday speech mostly says juuden suru ("charge it") (judged 3).	Plugging something in is sasu (insert), and the socket takes ni: konsento ni sasu. Unplugging is nuku.
heya-o-chirakasu	home	heya o chirakasu	make a mess (of the room)	0		3	cut	less-common	Native rating 3/5; the state heya ga chirakaru is said more.	Not tsukuru for "make a mess". Making a mess is the one verb chirakasu, the transitive partner of chirakaru.
keshou-ga-koi	describing	keshou ga koi	wear heavy makeup	0		3	cut	less-common	Means 'wear heavy makeup'. Real, but only for one topic and said less often (judged 3).	Not omoi. Heavy makeup is koi (thick, dense) and light makeup is usui; meiku ga koi works the same way.
kyuukyuusha-o-yobu	body	kyuukyuusha o yobu	call an ambulance	0		3	cut	film	'Call an ambulance!' is a stock emergency-scene line. Rare in daily life.	English 'call' pushes to denwa o kakeru; you yobu (summon) an ambulance, as in the shout kyuukyuusha yonde!
asa-ga-yowai	home	asa ga yowai	not be a morning person	0		3	cut	less-common	Native rating 3/5; same yowai as the kept osake ga yowai.	English 'not a morning person' has no calque (asa no hito ja nai is wrong). Say asa ga yowai, and asa ga hayai for an early start or an early riser.
hada-ga-areru	body	hada ga areru	skin gets rough or irritated, break out	0		3	cut	less-common	Skin breaking out comes up occasionally, more among people who talk about skincare (judged 3/5).	English 'my skin is dry / bad' pushes to hada ga kawaku or warui. Skin that flares up from stress, cold or lack of sleep areru (hada areta).
kaze-o-naosu	body	kaze o naosu	get over a cold (actively), shake off a cold	0		4	cut	less-common	Mostly heard as 'hayaku kaze naoshite ne'. Kaze ga naoru is the more general form.	English 'get well' has no object, but Japanese makes you naosu the cold: hayaku kaze naoshite ne (get well soon).
kekkonshiki-o-ageru	people	kekkonshiki o ageru	have a wedding, hold the ceremony	0		3	cut	narrow	Weddings only.	English 'have a wedding' pushes to motsu or aru. A ceremony is held with ageru (shiki o ageru). Casual speech also says kekkonshiki yaru.
futsukayoi-ni-naru	food	futsukayoi ni naru	get a hangover	0		3	cut	less-common	People mostly just say 'futsukayoi da' or 'futsukayoi', not ni naru.	Not futsukayoi ga aru. You become hungover (futsukayoi ni natta), or simply say futsukayoi da.
gochisou-ni-naru	people	gochisou ni naru	be treated (to a meal), let someone pay	0		4	KEPT c-gochisou-ni-naru			Not a passive like gochisou sareru: being treated is gochisou ni naru, like osewa ni naru. The person paying says gochisou suru or ogoru.
pointo-ga-tamaru	time-money	pointo ga tamaru	earn / rack up points (loyalty card)	0		4	cut	narrow	Only comes up with loyalty cards at the register.	Not pointo o morau as the default: points build up, so tamaru. Pointo o tameru is collecting them and pointo o tsukau is spending them.
ongaku-ga-kakaru	media	ongaku ga kakaru	music is playing (in a shop, at a party, on the radio)	0		3	cut	covered	The intransitive pair of the kept ongaku o kakeru ("music is on").	Not ongaku ga hiku or ongaku ga suru: a song that's on is kakatteru (or nagareteru), the intransitive of ongaku o kakeru.
iyahon-o-suru	clothes	iyahon o suru	have earphones in, wear earphones	0		3	cut	less-common	Young people say iyahon shiteta, but it comes up less than the kept sets (too new for the film counts).	Not iyahon o kiru: earphones take suru (or tsukeru), like a watch or a mask, as in iyahon shiteta kara kikoenakatta. Taking them out is hazusu.
kaze-ga-hayaru	body	kaze ga hayaru	a cold is going around	0		3	cut	less-common	'A cold is going around' is seasonal and occasional (judged 3/5).	Not kaze ga mawaru: an illness going around is 'in fashion', hayatteru. Infuru ga hayatteru is just as common.
dorinku-ga-tsuku	food	dorinku ga tsuku	come with a drink (a set includes it)	0		3	cut	narrow	Only comes up when ordering a set meal and asking what it includes.	Not dorinku to kuru: 'comes with' is tsuku (kore, saarada tsuku?). Tsuku 'arrive' is a different verb.
mushiba-ga-dekiru	body	mushiba ga dekiru	get a cavity	0		3	cut	less-common	Cavities come up mostly in dentist talk (judged 3/5).	Not mushiba o motsu: cavities, like pimples and bruises, 'come into being', so dekiru.
shio-o-furu	food	shio o furu	sprinkle salt, season with salt	0		3	cut	narrow	Cooking-only. Seasoning food with salt rarely comes up outside the kitchen.	Not shio o kakeru: salt is shaken on, furu (same sound as ame ga furu). Kakeru is for liquids like shouyu.
jikan-o-muda-ni-suru	time-money	jikan o muda ni suru	waste time	0		3	cut	less-common	People more often say the noun phrase jikan no muda ('a waste of time').	There is no single verb for 'waste': Japanese says muda ni suru ('make it useless'), and 'a waste of time' is jikan no muda.
uchi-ni-yobu	people	uchi ni yobu	invite someone over (to your place), have people over	0		3	cut	less-common	Real (judged 3) but less frequent; having people over.	Not shoutai suru, which is for formal invitations such as weddings. Having friends over uses yobu, 'call': tomodachi o uchi ni yobu.
kinnikutsuu-ni-naru	body	kinnikutsuu ni naru	get sore muscles (after exercise)	0		3	cut	less-common	Sore muscles come up after exercise only (judged 3/5).	English 'my legs are sore' leads to ashi ga itai. Next-day exercise ache is one noun, kinnikutsuu, with ni naru.
netchuushou-ni-naru	weather	netchuushou ni naru	get heatstroke	0		3	cut	narrow	Mostly heard in summer heat warnings (netchuushou ni ki o tsukete).	Not netchuushou o toru / morau: you 'become' heatstroke, ni naru, usually in the warning netchuushou ni naranai you ni.
me-ga-saeru	home	me ga saeru	be wide awake (and can't get to sleep)	0		3	cut	less-common	Native rating 3/5; mostly said when you can't get to sleep.	Not me ga sameru, which means waking up. Lying in bed wide awake is me ga saeru (koohii nonda kara me ga saete nerarenai).
hi-ga-tooru	food	hi ga tooru	be cooked through	0		3	cut	narrow	Only for checking whether meat or fish is cooked through.	English 'is it cooked / done?' leads to yaketa? or ryouri sareta. Asking whether meat is cooked through is mou hi tootteru?
gohan-ga-susumu	food	gohan ga susumu	(a dish) makes you eat more rice; goes great with rice	0		3	cut	idiom	'The rice moves forward' (goes great with rice) is figurative. It belongs on the idiom list.	English has no matching phrase. Praising a dish as moreish with rice is gohan ga susumu, 'the rice moves forward', also sake ga susumu.
gohan-o-yosou	food	gohan o yosou	serve (dish up) rice or soup	0		3	cut	narrow	Dishing up rice or soup at home: one specific moment, judged 3/5.	Not gohan o ireru / dasu: dishing rice or soup into a bowl is yosou (gohan yosotte kureru?).
aji-ga-shimiru	food	aji ga shimiru	the flavour has soaked in (simmered food)	0		3	cut	narrow	Only said about simmered dishes like oden or nimono.	Not aji ga hairu: flavour soaking into simmered food is shimiru (kono daikon, aji ga shimite oishii).
shingou-ni-hikkakaru	travel	shingou ni hikkakaru	get caught at a red light	0		3	cut	narrow	One situation: getting stopped at red lights.	Not shingou de tomaru / matsu alone: getting stopped by lights is hikkakaru, 'get snagged' (shingou zenbu hikkakatta).
kutsu-no-himo-ga-hodokeru	clothes	kutsu no himo ga hodokeru	a shoelace comes undone	0		2	cut	narrow	Only for one moment, a shoelace coming undone (judged 2).	Not himo ga hazureru / aku: a knot coming loose is hodokeru (himo hodoketeru yo). Tying it is himo o musubu.
ki-o-waruku-suru	people	ki o waruku suru	be offended, take it the wrong way	0		3	cut	idiom	A figurative ki expression; belongs on the idiom list.	Not okoru or kizutsuku: 'don't take this the wrong way / no offence' is ki o waruku shinaide (ne).
jisho-o-hiku	work-school	jisho o hiku	look up (a word) in the dictionary	0		2	cut	less-common	Old-fashioned now that people look words up on phones (shirabeta).	Not jisho o miru / sagasu: consulting a dictionary is hiku, 'pull' (jisho de hiite mita).
itami-o-kanjiru	body	itami o kanjiru	feel pain	0		2	cut	less-common	Formal 'feel pain'. In speech people just say itai.	
nihongo-o-shaberu	people	nihongo o shaberu	speak Japanese	0		4	cut	covered	Same idea as the kept eigo o hanasu with a different language and verb.	'Speak Japanese' takes o; 'say it in Japanese' takes de.
sekinin-o-kanjiru	senses	sekinin o kanjiru	feel responsible	0		3	cut	less-common	Formal; comes up in apologies and news more than in daily talk.	
ji-ga-yomeru	work-school	ji ga yomeru	can read (writing)	0		3	cut	less-common	Real (ji ga yomenai, 'can't read the writing'), but it comes up only occasionally.	Reading characters or handwriting uses ji, not kotoba.
kodoku-o-kanjiru	senses	kodoku o kanjiru	feel lonely, feel isolated	0		2	cut	less-common	Judged 2 and sounds written; in speech people say sabishii.	
kaminari-ni-utareru	weather	kaminari ni utareru	be struck by lightning	0		2	cut	less-common	Being struck by lightning is a rare event that comes up mostly in stories, and it's judged uncommon.	Being struck is ni + passive utareru; lightning striking a place is kaminari ga ochiru.
yaku-o-enjiru	media	yaku o enjiru	play a role	0		2	cut	narrow	Only for acting and drama talk (judged 2). Casual speech says yaku o yaru.	"Play" is not asobu or hiku; roles are enjiru (casually yaku o yaru).
zubon-o-nugu	clothes	zubon o nugu	take off trousers	0		3	cut	covered	Trousers come off with nugu like all clothes. fuku o nugu covers it.	Clothes come off with nugu; toru is for hats and glasses.
erebeetaa-ni-noru	travel	erebeetaa ni noru	take the elevator	0		4	cut	covered	Same noru-with-ni pattern as the kept vehicle sets.	Take is noru with ni, not toru.
geemu-ni-katsu	hobbies	geemu ni katsu	win a game	0		3	cut	covered	Same pattern as the kept shiai ni katsu: you win at something with ni (geemu ni katta).	Win takes ni (win against), not o.
kakurenbo-o-suru	hobbies	kakurenbo o suru	play hide-and-seek	0		3	cut	narrow	A children's game, only talked about with or about kids (rated 3, no film hits).	Play a game is suru, not asobu.
kikime-ga-aru	body	kikime ga aru	be effective, work	0		3	cut	less-common	'It works' is usually just kiku. Kikime ga aru sounds more like advertising.	'It works' is kiku or kikime ga aru, not ugoku.
borantia-o-suru	people	borantia o suru	do volunteer work	0		3	cut	narrow	One topic, volunteering.	'Volunteer' as a verb is borantia o suru.
puragu-o-nuku	home	puragu o nuku	unplug	0		3	cut	less-common	Native rating 3/5; konsento o nuku is the same idea.	Unplug is nuku (pull out); konsento o nuku is just as common.
miryoku-o-kanjiru	senses	miryoku o kanjiru	find something appealing	0		2	cut	less-common	Judged 2 and sounds written; in speech people say miryokuteki or ii yo ne.	
hibi-ga-hairu	home	hibi ga hairu	crack, get a crack	0		3	cut	less-common	Native rating 3/5; cracks rarely come up.	English verb 'crack' becomes hibi ga hairu (a crack enters).
puresshaa-o-kanjiru	senses	puresshaa o kanjiru	feel pressure	0		3	cut	less-common	Real but more formal; in speech people say puresshaa ga sugoi or kinchou suru.	
fuan-o-kanjiru	senses	fuan o kanjiru	feel uneasy	0		3	cut	less-common	Formal; in speech people say fuan desu or fuan da na.	Often just fuan desu; anxiety is felt as a noun, not an adjective.
